Signature	CIS+AIS: Never-Ex	Primary: Never-Ex	CIS+AIS: Never-Current	Primary: Never-Current	Dysplasia: Ex-Current	AAH: Ex-Current	CIS+AIS: Ex-Current	Primary: Ex-Current
DBS2	0.11171210393019294	0.21258627508385264	0.11287692654057632	0.23270846660347067	1.0	1.0	0.743901534465739	0.7534222223048197
DBS78A	0.11171210393019294	0.21258627508385264	0.11287692654057632	0.23270846660347067	1.0	1.0	0.743901534465739	0.7534222223048197
