Signature	CIS+AIS: Never-Ex	Primary: Never-Ex	CIS+AIS: Never-Current	Primary: Never-Current	Dysplasia: Ex-Current	AAH: Ex-Current	CIS+AIS: Ex-Current	Primary: Ex-Current
SBS1	0.05801798881776195	0.1031468291142457	0.2602639296187684	0.26610644257703087	0.4	0.02857142857142857	0.2697160934677585	0.3725398717027618
SBS2	0.6028844523780396	0.5542514434570215	0.7050916556069899	0.6329837642315089	1.0	1.0	0.7048005770971986	0.7931185852751683
SBS4	0.548898844799117	0.22536460024200178	0.38110475364383123	0.29325740211708207	1.0	1.0	0.1870647610939764	0.9691101988105965
SBS5	0.033856662334616906	0.04525162045529116	0.13711826684342487	0.30267249713142397	1.0	0.026518721959430728	0.16436030062478446	0.3015011932330123
SBS10b	0.05914923769137521	0.038481158841813856	0.140988695691809	0.06603289468023701	0.4	0.02857142857142857	0.17168888829636708	0.31296169475886926
SBS13	0.6028844523780396	0.6076364233337292	0.7050916556069899	0.6329837642315089	1.0	1.0	0.7048005770971986	0.9829130976018733
SBS87	0.03532841225996809	0.01792746027183958	0.1647415744080205	0.08227585567612045	0.6926327840419602	0.026518721959430728	0.24083403160716554	0.463942689597291
