Signature	AAH-CIS+AIS	AAH-MIA	AAH-Primary	CIS+AIS-MIA	CIS+AIS-Primary	MIA-Primary
DBS2	0.076881871214186	0.6686323185571559	0.2827338123628511	0.36762157117697225	0.3948414708533443	0.4742306703083886
DBS78A	0.076881871214186	0.6686323185571559	0.2827338123628511	0.36762157117697225	0.3948414708533443	0.4742306703083886
