Signature	Dysplasia: NO-YES	CIS+AIS: NO-YES	Primary: NO-YES
DBS2	1.0	0.33724921842041355	0.7339211273239388
DBS7	1.0	0.5013108524482051	0.8321980829839534
DBS78A	1.0	0.30380811782709916	0.8566330741999517
