Signature	Dysplasia: NO-YES	CIS+AIS: NO-YES	Primary: NO-YES
ID83A	0.4	0.145579228868699	0.1601823592169591
ID83B	0.4	0.145579228868699	0.1601823592169591
