Signature	AAH: NO-YES	CIS+AIS: NO-YES	Primary: NO-YES
DBS2	0.8817579846081662	1.0	0.3543458332481759
DBS78A	0.8817579846081662	1.0	0.3543458332481759
