Signature	AAH: NO-YES	CIS+AIS: NO-YES	Primary: NO-YES
ID83A	0.20261353134705007	0.05555555555555555	0.44304388422035484
ID83B	0.6125874125874127	0.5565355488608014	0.21581330982204916
