Signature	Dysplasia-AAH	Dysplasia-CIS+AIS	Dysplasia-Primary	AAH-CIS+AIS	AAH-Primary	CIS+AIS-Primary
SBS1	0.2222222222222222	0.9369731264468109	0.4157002894062205	0.0773462126249157	0.009846492978986373	0.04586905416884766
SBS2	1.0	0.668225423082642	0.40356056951708297	0.5779551937050373	0.28801358583304715	0.05601338198217201
SBS4	1.0	0.27249404062647964	0.15146764442238198	0.164488778663626	0.07026259412808916	0.08436480425762549
SBS5	0.3586318201031844	0.6617054818834984	0.3583457383553079	0.03777215751441925	0.01020362218617998	0.1329891762189644
SBS6	0.4739186257560286	0.2867381740942184	0.3629885346712082	0.6192403826397062	0.594516966362868	0.5088466959318799
SBS10b	0.12742812742812742	0.5204568514088905	0.1928010416748358	0.0015878481800350494	0.00028593562197450463	0.023500234462116024
SBS13	1.0	0.668225423082642	0.40356056951708297	0.5779551937050373	0.28801358583304715	0.05406165235546183
SBS87	0.8819969571709896	0.5741038610296997	0.6206538882796683	0.7269728180101952	0.7744206168190311	0.6418592632836198
