Signature	Dysplasia-AAH	Dysplasia-CIS+AIS	Dysplasia-Primary	AAH-CIS+AIS	AAH-Primary	CIS+AIS-Primary
ID83A	0.09324009324009325	0.45638491544468995	0.14603619922200378	0.09022410773661017	0.6087789751727477	0.028476651907903067
ID83B	0.08089265412686569	0.8727377585451415	0.5645231801558235	0.028969566975352128	0.014209226755272447	0.20013815720942985
