Signature	CIS+AIS: Never-Ex	Primary: Never-Ex	CIS+AIS: Never-Current	Primary: Never-Current	AAH: Ex-Current	CIS+AIS: Ex-Current	Primary: Ex-Current
DBS2	0.43638523105101057	0.2595367313108701	0.6666666666666666	0.6170750774519738	0.7650871933583798	0.6149621418492248	0.13207649587858053
DBS7	1.0	0.4903876147402161	1.0	0.7750969621959847	0.49624247444426295	1.0	0.4443800587933403
DBS78A	0.43638523105101057	0.14525100531183036	0.6666666666666666	0.37109336952269756	1.0	0.6149621418492248	0.04267817668366795
