Signature	AAH: NO-YES	CIS+AIS: NO-YES	Primary: NO-YES
ID83A	0.7304805152398014	0.3844881219457028	0.48114272371651057
ID83B	0.7304805152398014	0.3844881219457028	0.48114272371651057
