Signature	AAH-CIS+AIS	AAH-MIA	AAH-Primary	CIS+AIS-MIA	CIS+AIS-Primary	MIA-Primary
ID83A	0.9050512363887488	0.19273156302434058	0.05297738744279483	0.4	0.08958404487744087	0.7368421052631579
ID83B	0.02522008190068313	0.375	0.02760191894347078	0.16245549726860664	0.9368964412227683	0.15481575776873616
