Rank	Term name	P-value	Z-score	Combined score	Overlapping genes	Adjusted p-value	Old p-value	Old adjusted p-value
1	Calcium signaling pathway	0.00011933661374071812	4.246853326483432	38.36421440596555	ADCY4,ADRA1A,CHRM1,MYLK,NOS2,NTRK2,NTRK3,PLCG2,RYR2,SLC8A1,VEGFA	0.024941352271810085	0	0
2	Cell adhesion molecules	0.00034007669622478667	5.007142857142857	39.98874222465276	CD58,CDH5,CLDN5,ESAM,ICAM2,NLGN1,NRXN1,NRXN3	0.035538014755490205	0	0
