Rank	Term name	P-value	Z-score	Combined score	Overlapping genes	Adjusted p-value	Old p-value	Old adjusted p-value
1	Transcriptional misregulation in cancer	0.0006390613870021466	20.944973544973546	154.06096321654047	HMGA2,PLAU,SPINT1	0.023006209932077276	0	0
2	Complement and coagulation cascades	0.0026129750907771514	29.968373493975903	178.2298835204112	C4B,PLAU	0.0349269536516504	0	0
3	Prostate cancer	0.003386160098682633	26.167105263157893	148.84003110829175	PLAU,SPINT1	0.0349269536516504	0	0
4	NF-kappa B signaling pathway	0.003880772627961155	24.362745098039216	135.25516392567505	PLAU,RELB	0.0349269536516504	0	0
