Rank	Term name	P-value	Z-score	Combined score	Overlapping genes	Adjusted p-value	Old p-value	Old adjusted p-value
1	ESC J1 UP EARLY.V1 DN	0.017820200116679057	111.34831460674157	448.4467217377902	BMP1	0.01871196104197388	0	0
2	CYCLIN D1 UP.V1 UP	0.01871196104197388	105.94117647058823	421.49675231538964	BMP1	0.01871196104197388	0	0
