Rank	Term name	P-value	Z-score	Combined score	Overlapping genes	Adjusted p-value	Old p-value	Old adjusted p-value
1	Complement and coagulation cascades	0.008482056184046008	237.07142857142858	1130.7838651870093	A2M	0.02544616855213802	0	0
2	Parkinson disease	0.024745445615250185	79.63709677419355	294.586685456875	LRRK2	0.037118168422875276	0	0
3	Pathways of neurodegeneration	0.04693687327660772	41.18987341772152	125.99783338983289	LRRK2	0.04693687327660772	0	0
