Rank	Term name	P-value	Z-score	Combined score	Overlapping genes	Adjusted p-value	Old p-value	Old adjusted p-value
1	ERB2 UP.V1 UP	4.813065541766941e-05	14.365010171461785	142.81105952858957	ABCC3,CEACAM6,GDF15,MUC1,NPC2	0.002503420031386781	0	0
2	MEK UP.V1 UP	5.44221745953648e-05	13.985425215791707	137.31923812269795	ABCC3,CEACAM6,CLDN4,GDF15,NPC2	0.002503420031386781	0	0
3	CRX DN.V1 DN	0.00017699918267670146	16.05506072874494	138.7055368459378	CXCL13,LAD1,PLAT,TIMP1	0.005427974935418845	0	0
4	ESC V6.5 UP LATE.V1 DN	0.0006150312290218292	11.437825332562175	84.56942200588921	GGCT,SPP1,TCEA3,TIMP1	0.013249321674593442	0	0
5	P53 DN.V1 UP	0.0007200718301409479	10.95180055401662	79.24897657216863	AGR2,CEACAM6,CLDN3,MSLN	0.013249321674593442	0	0
