Signature	Dysplasia: NO-YES	CIS+AIS: NO-YES	Primary: NO-YES
DBS2	1.0	0.4268854528719801	1.0
DBS78A	1.0	0.4268854528719801	1.0
