Signature	CIS+AIS: Never-Ex	Primary: Never-Ex	CIS+AIS: Never-Current	Primary: Never-Current	AAH: Ex-Current	CIS+AIS: Ex-Current	Primary: Ex-Current
ID83A	0.800838179706995	0.9090909090909092	1.0	0.5	0.8591852195945746	0.6149621418492248	0.4346855318345383
ID83B	0.7551888894226785	0.5827379000679151	1.0	0.7750969621959847	0.20604714274669333	1.0	0.6894037983074207
