Signature	AAH: NO-YES	CIS+AIS: NO-YES	Primary: NO-YES
ID83A	0.3235367862420667	0.18583900754607596	0.43011801871388233
ID83B	0.36982534177867177	0.3844881219457028	0.34758301577729567
