Signature	CIS+AIS: Never-Ex	Primary: Never-Ex	CIS+AIS: Never-Current	Primary: Never-Current	Dysplasia: Ex-Current	AAH: Ex-Current	CIS+AIS: Ex-Current	Primary: Ex-Current
ID83A	0.6134089915029096	0.9198898550359101	0.7763598466018462	0.9512137546426881	0.6926327840419602	1.0	0.44129417222879663	0.9765261815969721
ID83B	0.6134089915029096	0.9198898550359101	0.7763598466018462	0.9512137546426881	0.6926327840419602	1.0	0.44129417222879663	0.9765261815969721
