Signature	AAH: NO-YES	CIS+AIS: NO-YES	Primary: NO-YES
ID83A	0.9550893550893552	1.0	0.12182172490808804
ID83B	0.9550893550893552	1.0	0.12182172490808804
