Rank	Term name	P-value	Z-score	Combined score	Overlapping genes	Adjusted p-value	Old p-value	Old adjusted p-value
1	Small cell lung cancer	0.00013894772624357108	8.347991543340381	74.14195866144512	COL4A2,NOS2,LAMA4,ITGA6,PIK3R1,BIRC2	0.018735699002455936	0	0
2	AGE-RAGE signaling pathway in diabetic complications	0.00021958820134447657	7.634429400386847	64.31057487858536	IL6,EDN1,COL4A2,PRKCD,STAT3,PIK3R1	0.018735699002455936	0	0
3	Insulin resistance	0.0003332520061831193	7.032798573975045	56.308886494243424	IL6,GFPT2,PRKCD,STAT3,PIK3R1,CD36	0.018735699002455936	0	0
4	HIF-1 signaling pathway	0.0003501999813543166	6.964165931156223	55.41391143183697	IL6,EDN1,ANGPT1,NOS2,STAT3,PIK3R1	0.018735699002455936	0	0
5	ECM-receptor interaction	0.0009525326373934213	7.1657715198141965	49.84787401655563	TNXB,COL4A2,LAMA4,ITGA6,CD36	0.03759522304176837	0	0
6	Hypertrophic cardiomyopathy	0.001054071674068272	6.996456413890858	47.96137218567516	EDN1,IL6,ACE,ITGA6,SLC8A1	0.03759522304176837	0	0
7	Cell adhesion molecules	0.0017341236337243564	5.0414852752880925	32.04999791227126	CDH5,CLDN5,NLGN1,ICAM2,ITGA6,JAM2	0.04922964025815918	0	0
8	Amoebiasis	0.001840360383482586	6.127189169047323	38.587774364348014	IL6,COL4A2,NOS2,LAMA4,PIK3R1	0.04922964025815918	0	0
