Rank	Term name	P-value	Z-score	Combined score	Overlapping genes	Adjusted p-value	Old p-value	Old adjusted p-value
1	mRNA surveillance pathway	4.807044922310094e-05	6.794638996973627	67.55802831918449	PABPN1,PPP2R2B,ALYREF,CSTF2,CPSF2,CSTF1,RNPS1,TARDBP	0.00954621569469477	0	0
2	Protein processing in endoplasmic reticulum	9.788109531528506e-05	4.767750578492267	44.01471539259174	NSFL1C,NPLOC4,HSPA5,PRKCSH,CANX,RAD23A,UBE2G1,CAPN1,RNF185,RAD23B	0.00954621569469477	0	0
3	Parkinson disease	0.00012900291479317258	3.9021363886526244	34.946267482031544	PSMD8,COX7B,PSMD12,ATP5F1B,PSMC6,HSPA5,NDUFS7,NDUFA1,UBE2G1,COX7A2,DRD2,GNAI1	0.00954621569469477	0	0
4	RNA transport	0.00019513065797210707	4.358065953654189	37.225907240696344	NUP93,EIF5,EIF1AY,ALYREF,NUP50,EIF3J,RNPS1,TARDBP,EIF4E,RAE1	0.010829751517451943	0	0
5	Amyotrophic lateral sclerosis	0.0003796740651614853	3.0892430278884464	24.33148789359043	COX7B,PSMD12,HSPA5,ALYREF,NDUFA1,COX7A2,NUP93,PSMD8,PSMC6,ATP5F1B,NDUFS7,NUP50,TARDBP,RAE1	0.014885834704742095	0	0
6	Oxidative phosphorylation	0.00040231985688492147	4.883424124513619	38.17989474091596	COX7B,ATP5F1B,PPA2,NDUFS7,NDUFA1,COX7A2,ATP6V1E1,LHPP	0.014885834704742095	0	0
