Rank	Term name	P-value	Z-score	Combined score	Overlapping genes	Adjusted p-value	Old p-value	Old adjusted p-value
1	ERB2 UP.V1 UP	4.742860068321788e-06	5.58392963271128	68.45266865309372	DOCK10,ABCC3,ACHE,BCAM,MUC1,PARM1,ASPH,CEACAM6,LMO3,CAPN5,ALDOC,SPTBN2	0.0005161998772332669	0	0
2	MEK UP.V1 UP	6.182034457883436e-06	5.430804810360777	65.13632963750003	ABCC3,BCAM,CLDN4,PARM1,ASPH,PTK7,CEACAM6,CAPN5,B3GNT3,TP53I11,SPTBN2,CCNJL	0.0005161998772332669	0	0
