Rank	Term name	P-value	Z-score	Combined score	Overlapping genes	Adjusted p-value	Old p-value	Old adjusted p-value
1	MEL18 DN.V1 UP	2.3175631440515434e-06	6.691098014888338	86.81695855877534	TGFBR3,EDN1,SLCO4A1,STC2,GFPT2,SLCO2A1,LTBP4,ADM,TEK,IL7R,CHST2	0.00040325598706496854	0	0
2	ESC J1 UP LATE.V1 UP	4.1187559532565474e-05	4.820138888888889	48.67074654053786	TGFBR3,APP,MYO5B,SLCO2A1,CA4,GPC3,PTPN21,PTH1R,PHLDA1,CRYAB,AMOT	0.0035833176793331964	0	0
3	CSR LATE UP.V1 DN	7.713164141091004e-05	4.914909638554217	46.544179370920425	ACVRL1,CLEC3B,TNXB,TSPAN9,CHL1,SVEP1,VAMP5,CHST2,APOL3,MXD4	0.004473635201832782	0	0
4	BMI1 DN.V1 UP	0.00012976484885423973	5.1138260869565215	45.767652189971514	EDN1,FES,SLCO4A1,STC2,GFPT2,SLCO2A1,LTBP4,TEK,IL7R	0.005644770925159429	0	0
5	TGFB UP.V1 UP	0.0009221402225591132	3.8474754098360657	26.889287164734746	IL1RL1,CYP26B1,EDN1,SLCO2A1,LTBP2,JUNB,LMCD1,CRYAB,ZFP36L1	0.02982575691887818	0	0
6	LEF1 UP.V1 UP	0.0010284743765130407	3.784838709677419	26.038474490967133	ANO1,STC2,RBP1,FHL1,COL6A1,GZMB,LTBP2,GNG11,CHST2	0.02982575691887818	0	0
