Rank	Term name	P-value	Z-score	Combined score	Overlapping genes	Adjusted p-value	Old p-value	Old adjusted p-value
1	CRX DN.V1 DN	0.0023554338192288255	33.42929292929293	202.2816663112128	PLAT,TIMP1	0.04048460300704725	0	0
2	MYC UP.V1 DN	0.00429151740386973	24.455555555555556	133.31004331056485	PLAT,SPTB	0.04048460300704725	0	0
3	E2F3 UP.V1 DN	0.004337636036469348	24.319214241866174	132.30687989985157	PLAT,SPTB	0.04048460300704725	0	0
