Rank	Term name	P-value	Z-score	Combined score	Overlapping genes	Adjusted p-value	Old p-value	Old adjusted p-value
1	RB P107 DN.V1 UP	7.198345097726063e-05	3.119085476177422	29.753188145559918	WDHD1,FKBP10,NAA40,MCM7,RFC2,GMNN,IPO9,ORC6,HAUS8,CENPH,CCNE1,POLD1,POLE2,RPA3,STMN1,CENPK,DNA2,TCFL5	0.009592528732164986	0	0
2	ERB2 UP.V1 DN	0.00010426661665396724	2.662102063669813	24.4076406803227	PLK4,STIL,PLA2G12A,RIF1,MRPL19,CCDC59,CPOX,TTK,KCTD3,IGF1R,RAD51AP1,EIF2S3,IFI27,RNF138,C1ORF109,DEPDC1,IRF7,NRCAM,IAPP,TOPBP1,ECT2,PSPH	0.009592528732164986	0	0
3	VEGF A UP.V1 DN	0.00021355692275418358	2.582936631808959	21.82996568916236	PLK4,SLC30A9,SERPINB2,RIF1,SPAG5,CACNA2D1,MRPL19,TWF1,MT1X,PHKA1,VRK1,TTK,HMMR,UCHL3,CENPA,EIF2S3,CCNE1,CCDC86,ATP13A3,MEST,DLGAP5	0.01309815792892326	0	0
