Rank	Term name	P-value	Z-score	Combined score	Overlapping genes	Adjusted p-value	Old p-value	Old adjusted p-value
1	Neuroactive ligand-receptor interaction	0.0012301922516528175	9.710682492581602	65.06725169828145	GABRB1,GRM7,TRH,GRIN1	0.019971260725842647	0	0
2	Nicotine addiction	0.0014265186232744749	40.35222672064777	264.40870533107534	GABRB1,GRIN1	0.019971260725842647	0	0
