Rank	Term name	P-value	Z-score	Combined score	Overlapping genes	Adjusted p-value	Old p-value	Old adjusted p-value
1	NFE2L2.V2	4.992352809487706e-10	2.7808905008186144	59.56095597770539	HJURP,IDE,SLC7A11,PCSK6,PANX2,UCHL1,TRIM29,WDHD1,CBR1,SREBF1,GPX2,G6PD,UGT1A1,EIF1AX,IGFBP3,METTL3,NDUFC2,TALDO1,ESCO2,PTGR1,PGD,UGDH,ALDH3A1,DBF4,RABL3,MCM3,TKT,CSTA,ABHD4,NT5DC1,PTPRZ1,GPC1,UGT1A5,GCNT3,UGT1A3,B4GALNT1,UGT1A9,UGT1A7,UGT1A6,CBR3,NQO1,RRM2,TXNRD1,AKR1C1,CYP4F3,GSR,AKR1C3,CYP4F11,STXBP5L,FERMT1,GCLC,TMEM237,PNPLA4,RPL22L1,NFE2L2	9.33569975374201e-08	0	0
2	CSR LATE UP.V1 UP	1.2505808353488719e-06	3.4223989876163787	46.51691317198347	CXCL6,PRMT5,FEN1,DTYMK,RRM2,WSB2,UBE2C,UHRF1,IGFBP3,MAZ,ACTL6A,FANCA,CKAP2,FOXM1,ILF2,KRT18,PBK,MCM3,PGM2,BIRC5,CLSPN,FAM83D,UMPS,EZH2	0.00011692930810511952	0	0
3	P53 DN.V1 UP	3.1676841313711446e-05	2.8320504304562446	29.339829211780938	COL17A1,GPSM2,ANXA1,AUTS2,CDKN2A,ITGB4,THOC1,LSR,SULF1,KLK10,NDC80,PRDX2,AZGP1,UCHL1,KRT18,CALB1,KLF5,EPCAM,CDH13,CD9,PITX1,DSC2,TJP2	0.00197452310855468	0	0
4	E2F1 UP.V1 UP	0.0004678905348755176	2.483762289106778	19.043691459010816	PLK4,TOP2A,WDHD1,DLX1,STIL,FEN1,RRM1,HMGB3,TYMS,NCAPH,UCK2,POLA2,DBF4,NASP,PRC1,UBE2T,MCM4,PKP4,KPNA1,EZH2	0.021873882505430448	0	0
5	RB P107 DN.V1 UP	0.000730052137746044	2.702548565318125	19.518872177369857	WDHD1,GSTM2,FEN1,RRM1,RRM2,RFC2,FANCA,NCAPH,TRPM1,CCNE2,INCENP,PRC1,RPA3,SPIRE2,NCAPD2,ASF1B	0.0272472478443943	0	0
6	MTOR UP.V1 UP	0.0008742432463442021	2.482121000174856	17.479473135123424	FDPS,HELLS,GPX2,RRM2,UBE2C,UHRF1,GSS,TMPRSS4,CYP51A1,PPAN,HSPE1,LSS,CYP26A1,DBF4,BDH1,LIPG,DHCR7,IDH3A	0.0272472478443943	0	0
7	RB P130 DN.V1 UP	0.0012096175308054797	2.6603715344034122	17.870915582665162	SLC13A2,UBE2C,FST,COL11A2,HMGA2,ATP2A1,LSM4,CCNB2,POLD2,BIRC5,SNRPC,POLR2I,SIM2,B4GALT4,SNRPB	0.032314068322946386	0	0
8	HOXA9 DN.V1 DN	0.0017191101966650372	2.262377796815158	14.402180427902735	PLK4,FANCI,HELLS,SREBF1,CCNK,RNASEH2A,DLX5,FZD6,MPI,NPR3,CYP51A1,STAM,LSS,FANCG,NCAPD2,MVD,DHCR7,FADS1,TMEM45A	0.04018420084704524	0	0
