Rank	Term name	P-value	Z-score	Combined score	Overlapping genes	Adjusted p-value	Old p-value	Old adjusted p-value
1	Calcium signaling pathway	0.00011933661374071812	4.246853326483432	38.36421440596555	RYR2,NTRK2,CHRM1,NOS2,NTRK3,ADCY4,PLCG2,ADRA1A,SLC8A1,MYLK,VEGFA	0.024941352271810085	0	0
2	Cell adhesion molecules	0.00034007669622478667	5.007142857142857	39.98874222465276	CDH5,CLDN5,NLGN1,NRXN1,ICAM2,NRXN3,ESAM,CD58	0.035538014755490205	0	0
