Rank	Term name	P-value	Z-score	Combined score	Overlapping genes	Adjusted p-value	Old p-value	Old adjusted p-value
1	MEK UP.V1 UP	6.182034457883436e-06	5.430804810360777	65.13632963750003	ABCC3,BCAM,CLDN4,PARM1,ASPH,PTK7,GDF15,NPC2,TMPRSS4,COTL1,LAMC1,CCNJL	0.0010076716166350001	0	0
2	ERB2 UP.V1 UP	0.00013689821817248286	4.562556822155395	40.58975034380735	ABCC3,ACHE,BCAM,MUC1,PARM1,ASPH,NPC2,GDF15,LMO3,ALDOC	0.011157204781057353	0	0
