Rank	Term name	P-value	Z-score	Combined score	Overlapping genes	Adjusted p-value	Old p-value	Old adjusted p-value
1	Malaria	3.7657024505551385e-05	10.922394678492239	111.26633680453334	IL6,ITGB2,KLRC4-KLRK1,HBB,CCL2,CD36	0.007757347048143585	0	0
2	Th1 and Th2 cell differentiation	0.00016346207017085092	6.609411764705882	57.62699575003964	STAT5B,MAML2,MAML3,CD3E,JAK2,IL2RG,HLA-DRB1	0.01154721368112115	0	0
3	Transcriptional misregulation in cancer	0.00016816330603574488	4.44237580601217	38.60680008021317	PTCRA,CSF1R,IL6,ZEB1,NFKBIZ,MITF,ETV1,BAK1,RXRG,RUNX1T1	0.01154721368112115	0	0
4	Th17 cell differentiation	0.0004148040300759453	5.613714285714286	43.71794725203874	STAT5B,IL6,CD3E,JAK2,IL2RG,RXRG,HLA-DRB1	0.021362407548911184	0	0
