Rank	Term name	P-value	Z-score	Combined score	Overlapping genes	Adjusted p-value	Old p-value	Old adjusted p-value
1	Progesterone-mediated oocyte maturation	0.01985182675975813	66.993265993266	262.5773759432504	CDC25B	0.049143939467523955	0	0
2	Cell cycle	0.024571969733761977	53.856368563685635	199.5997225869358	CDC25B	0.049143939467523955	0	0
