Rank	Term name	P-value	Z-score	Combined score	Overlapping genes	Adjusted p-value	Old p-value	Old adjusted p-value
1	ECM-receptor interaction	9.459486872933392e-06	7.372728412081715	85.29135273612418	TNXB,VWF,COL4A2,COL4A1,LAMA4,LAMA3,COL6A6,NPNT,HSPG2	0.002052708651426546	0	0
2	Vascular smooth muscle contraction	4.592408187192203e-05	5.267054326172401	52.610082318295284	PPP1R14A,EDN1,AGTR1,ADCY4,ADM,MYH10,ADRA1A,ACTG2,PRKG1,MYLK	0.004982762883103541	0	0
3	Calcium signaling pathway	0.00010808846698391024	3.727446849262593	34.041133963598746	MCOLN3,CHRM1,NOS2,TNNC1,NTRK3,ADCY4,ADRB2,ADRA1A,MYLK,EDNRB,AGTR1,FGF10,FGFR1	0.007818399111836174	0	0
4	Relaxin signaling pathway	0.00019441103332662333	4.843564356435643	41.39085314880807	EDN1,EDNRB,COL4A2,NOS2,COL4A1,ADCY4,FOS,RXFP1,GNG11	0.010546798557969316	0	0
5	Focal adhesion	0.0003321993582577734	3.7502710264032175	30.038828207769605	TNXB,COL4A2,VWF,COL4A1,CAV2,CAV1,LAMA4,LAMA3,RAPGEF1,COL6A6,MYLK	0.014417452148387366	0	0
