Rank	Term name	P-value	Z-score	Combined score	Overlapping genes	Adjusted p-value	Old p-value	Old adjusted p-value
1	NFE2L2.V2	4.1969606525297666e-16	4.623869901607532	163.7173656693929	HJURP,IDE,SLC7A11,PANX2,NT5DC1,UCHL1,PTPRZ1,TRIM29,GPC1,UGT1A5,GCNT3,UGT1A3,B4GALNT1,UGT1A9,UGT1A7,UGT1A6,CBR3,WDHD1,CBR1,SREBF1,NQO1,GPX2,G6PD,RRM2,UGT1A1,EIF1AX,IGFBP3,TXNRD1,AKR1C1,CYP4F3,GSR,AKR1C3,NDUFC2,TALDO1,ESCO2,PTGR1,PGD,CYP4F11,STXBP5L,FERMT1,ALDH3A1,GCLC,DBF4,TMEM237,MCM3,PNPLA4,RPL22L1,TKT	7.470589961502984e-14	0	0
2	CSR LATE UP.V1 UP	1.4677851188750803e-08	5.247693977211069	94.6522689937645	CXCL6,PRMT5,FEN1,DTYMK,RRM2,UBE2C,UHRF1,IGFBP3,MAZ,ACTL6A,FANCA,FOXM1,KRT18,PBK,MCM3,PGM2,BIRC5,CLSPN,UMPS,EZH2	1.3063287557988214e-06	0	0
3	E2F1 UP.V1 UP	6.49339475010461e-06	3.913588924895158	46.74674382324982	PLK4,TOP2A,WDHD1,DLX1,STIL,FEN1,RRM1,HMGB3,TYMS,NCAPH,UCK2,DBF4,PRC1,UBE2T,MCM4,KPNA1,EZH2	0.0003852747551728735	0	0
4	P53 DN.V1 UP	0.00012786589484153606	3.303386158932847	29.61329949977619	COL17A1,CDKN2A,ITGB4,THOC1,SULF1,KLK10,NDC80,AZGP1,UCHL1,KRT18,CALB1,KLF5,EPCAM,PITX1,DSC2	0.005690032320448355	0	0
5	VEGF A UP.V1 DN	0.00040904581170632214	3.0768810658899293	24.004851932857363	PLK4,SERPINB2,RFC4,RRM2,RIF1,KIF23,NDC80,NUDT21,CCNB1,DBF4,EXO1,BIRC5,MCM4,CDKN3	0.014562030896745069	0	0
6	MTOR UP.V1 UP	0.0013132875123648045	2.978971422702647	19.766135928915386	FDPS,CYP26A1,HELLS,GPX2,DBF4,RRM2,BDH1,UBE2C,UHRF1,TMPRSS4,HSPE1,LSS	0.038960862866822536	0	0
