Rank	Term name	P-value	Z-score	Combined score	Overlapping genes	Adjusted p-value	Old p-value	Old adjusted p-value
1	RAPA EARLY UP.V1 UP	0.027200770128462753	54.43681318681319	196.2180370936064	HSPB6	0.028819888597292943	0	0
2	KRAS.DF.V1 DN	0.028819888597292943	51.30569948186528	181.9653884070142	HSPB6	0.028819888597292943	0	0
