Rank	Term name	P-value	Z-score	Combined score	Overlapping genes	Adjusted p-value	Old p-value	Old adjusted p-value
1	Amyotrophic lateral sclerosis	2.2236133222564357e-05	3.513950261500694	37.64773209320555	COX7B,HSPA5,NDUFA1,COX7A2,ACTG1,ATP5MC1,SOD1,NUP93,PSMD8,PSMA4,ATP5F1B,PSMC3,NDUFS7,NUP62,NUP54,TARDBP,RAE1	0.00484747704251903	0	0
2	RNA transport	8.154009919042758e-05	4.449648033126294	41.890836053849625	NUP93,EIF5,EIF1AY,NCBP2,NUP62,EIF3J,RNPS1,NUP54,TARDBP,RAE1,PAIP1	0.006105069048432759	0	0
3	mRNA surveillance pathway	8.401471167568016e-05	6.2518518518518515	58.67062020983763	PABPN1,PPP2R1A,NCBP2,PPP2R2B,CPSF2,CSTF1,RNPS1,TARDBP	0.006105069048432759	0	0
4	Oxidative phosphorylation	0.00013118312890961992	5.1143246692968205	45.716520049376385	COX7B,ATP5F1B,PPA2,NDUFS7,NDUFA1,COX7A2,ATP6V1E1,ATP5MC1,LHPP	0.007149480525574286	0	0
5	Parkinson disease	0.0002695259349652515	3.5859148446490217	29.472081657138055	PSMD8,COX7B,PSMA4,ATP5F1B,PSMC3,HSPA5,NDUFS7,NDUFA1,COX7A2,DRD2,GNAI1,ATP5MC1	0.011751330764484966	0	0
6	Huntington disease	0.0005085208065749939	3.1446650556787326	23.84915369980394	COX7B,NDUFA1,COX7A2,ATP5MC1,SOD1,PSMD8,PSMA4,ATP5F1B,PSMC3,NDUFS7,AP2S1,PLCB1,POLR2I	0.01847625597222478	0	0
7	Sphingolipid signaling pathway	0.0016622016727231052	4.375223214285715	27.99973206337969	SMPD2,CERS4,SPTLC2,PPP2R1A,PPP2R2B,PLCB1,GNAI1	0.045913361742577756	0	0
8	Long-term depression	0.001684894008901936	6.337201805286911	40.46970419139302	LYN,PPP2R1A,PLCB1,CRHR1,GNAI1	0.045913361742577756	0	0
9	Prion disease	0.0020532255105176435	2.958858833941808	18.31043424834817	PSMD8,COX7B,PSMA4,ATP5F1B,PSMC3,HSPA5,NDUFS7,NDUFA1,COX7A2,ATP5MC1,SOD1	0.04973368458809403	0	0
