Rank	Term name	P-value	Z-score	Combined score	Overlapping genes	Adjusted p-value	Old p-value	Old adjusted p-value
1	LEF1 UP.V1 DN	0.0006420499268484465	6.178720735785953	45.41881527356137	SLC24A1,TNNC1,CTSH,OLR1,HNF1B,PAPSS2	0.024217605180303477	0	0
2	RPS14 DN.V1 UP	0.000678234530585218	6.11166253101737	44.59079625798041	SLC31A2,PDE4D,SH3BP5,CTSH,CD69,HLA-DQB1	0.024217605180303477	0	0
3	IL2 UP.V1 UP	0.000678234530585218	6.11166253101737	44.59079625798041	EGR1,CD52,LGALSL,CD69,TRIB1,LILRB4	0.024217605180303477	0	0
4	MTOR UP.N4.V1 DN	0.0006969095015914669	6.078671328671328	44.184980453604524	CD52,HBP1,TPP1,SOS2,PNRC1,CLN5	0.024217605180303477	0	0
5	STK33 UP	0.001186487148417155	4.658428949691086	31.38270995539761	EGR1,KLHL28,OLR1,HBP1,VSIG4,IL6ST,TRIB1	0.03298434272599691	0	0
6	CSR EARLY UP.V1 DN	0.0016218857843803241	6.309044423138383	40.53034704979477	ZNF33A,PAPLN,AMT,HBP1,ATP11A	0.03757368733814418	0	0
