Rank	Term name	P-value	Z-score	Combined score	Overlapping genes	Adjusted p-value	Old p-value	Old adjusted p-value
1	NFE2L2.V2	5.007322334744501e-12	3.2228510417891383	83.8589702301479	ARHGAP8,HJURP,SLC7A11,PANX2,UCHL1,TRIM29,PHGDH,CBR1,SREBF1,GPX2,UGT1A1,IGFBP3,TALDO1,PTGR1,PGD,UGDH,ALDH3A1,DBF4,MTHFD2,MCM3,TKT,BCAT1,ABCB6,LRP8,NT5DC1,BRIP1,PTPRZ1,STC2,GPC1,SPP1,UGT1A5,GCNT3,UGT1A3,B4GALNT1,UGT1A9,UGT1A7,UGT1A6,CBR3,NQO1,RRM2,TXNRD1,AKR1C1,CYP4F3,GSR,AKR1C3,CYP4F11,TPD52L1,EIF2S2,STXBP5L,FERMT1,GCLC,TMEM237,PNPLA4,NFE2L2	9.313619542624772e-10	0	0
2	CSR LATE UP.V1 UP	8.010042222861518e-08	4.029951724866979	65.84934957288256	PRMT5,FEN1,DTYMK,RRM2,UBE2C,UHRF1,IGFBP3,MAZ,FANCA,IMP4,FOXM1,ANLN,KRT18,FABP5,PSMD2,CDK1,PBK,MCM3,PGM2,BIRC5,CLSPN,FAM83D,UMPS,EZH2	7.449339267261212e-06	0	0
3	MTOR UP.V1 UP	1.3514552027107072e-05	3.2959792477302203	36.95367398971268	FDPS,HELLS,GPX2,RRM2,HMGCS1,UBE2C,UHRF1,GSS,TMPRSS4,PPAN,SLC2A1,KRBA1,HSPE1,CYP26A1,DBF4,BDH1,FABP5,CDK1,MCM5,IDH3A	0.0008379022256806384	0	0
4	E2F1 UP.V1 UP	6.283559048806714e-05	2.922508998534141	28.2752421721192	PLK4,DLX1,SLBP,STIL,FEN1,ARHGAP8,HMGB3,TYMS,NCAPH,UCK2,DBF4,PRC1,GRWD1,UBE2T,MCM4,TK1,GRSF1,THOP1,KPNA1,EZH2	0.0029218549576951218	0	0
5	P53 DN.V1 UP	9.053072631964504e-05	2.8377834429088957	26.419256592702563	COL17A1,AUTS2,CDKN2A,ITGB4,ADM,SULF1,KLK10,PRDX2,UGT8,UCHL1,KRT18,CALB1,KLF5,LPCAT4,KRT15,SCNN1A,CDH13,CD9,PITX1,DSC2	0.0033677430190907956	0	0
6	RPS14 DN.V1 DN	0.00016285970493834493	2.7894383789785344	24.331214992400056	ERCC6L,TPRA1,PLK1,KRT13,GPATCH4,KIF23,NCAPH,FOXRED2,SLC6A8,TRIM29,EXO1,PRC1,PES1,PBK,KIF2C,MCM5,TK1,ECT2,BCAT1	0.005048650853088693	0	0
7	RB P130 DN.V1 UP	0.0002517654829157487	3.127347981827713	25.91637190201282	SEMA5B,UBE2C,FST,HMGA2,ATP2A1,LSM4,RUVBL2,ZNF428,POLD2,CDK1,BIRC5,TK1,SNRPC,B4GALT4,SNRPB	0.006689768546047038	0	0
8	MEL18 DN.V1 UP	0.0014217429523633836	2.707242675746613	17.748335720941704	JAG1,LAMB3,ABCC5,FZD6,ADM,SLC7A11,PTHLH,STC2,COL7A1,ADAM12,SPP1,CDH13,CLSPN,CHST2	0.03305552364244867	0	0
9	MEK UP.V1 UP	0.002072492827422738	2.335036738700504	14.428199321285005	EGLN3,GPX2,ST6GALNAC2,ITGB4,TMPRSS4,PTOV1,AKR1C3,AKR1C2,ADM,NME4,SLC7A11,ENO2,BMP7,LRP8,ALDH3A1,CLDN4,TRIM29	0.04283151843340326	0	0
