Rank	Term name	P-value	Z-score	Combined score	Overlapping genes	Adjusted p-value	Old p-value	Old adjusted p-value
1	RB P130 DN.V1 DN	0.027513389805997806	47.966183574879224	172.34645435203777	LGALSL	0.04414875553399674	0	0
2	RB P107 DN.V1 UP	0.027709247684465973	47.618705035971225	170.76015579035945	CDC25B	0.04414875553399674	0	0
3	RELA DN.V1 DN	0.0279050759783193	47.27619047619048	169.1989645694177	MUC4	0.04414875553399674	0	0
4	KRAS.PROSTATE UP.V1 DN	0.028492383389072184	46.277389277389275	164.66043385202047	MUC4	0.04414875553399674	0	0
5	IL15 UP.V1 UP	0.03785316139800214	34.56369982547993	113.16296267411514	LGALSL	0.04414875553399674	0	0
6	IL2 UP.V1 UP	0.03785316139800214	34.56369982547993	113.16296267411514	LGALSL	0.04414875553399674	0	0
7	MEK UP.V1 UP	0.03863016109224715	33.847863247863245	110.1315350069817	LGALSL	0.04414875553399674	0	0
