Rank	Term name	P-value	Z-score	Combined score	Overlapping genes	Adjusted p-value	Old p-value	Old adjusted p-value
1	RPS14 DN.V1 UP	3.9003186792620413e-10	5.383928571428571	116.6416962366933	CR1,SLC31A2,CD300A,SEMA3D,GDF15,LST1,ITGB2,EMP1,ITGAL,TM6SF1,ARHGAP25,AIF1,PTPRE,BST1,HCK,CACNB4,TFEC,ENPP2,ARHGEF3,LPXN,CCL2,MNDA,TRIM22,HLA-DQB1	7.137583183049536e-08	0	0
2	ESC J1 UP LATE.V1 UP	5.952954446421499e-05	3.3914725274725273	32.99576449555962	PDGFRA,RAMP2,GADD45B,PEG3,GKN2,SHROOM3,TMPRSS2,PTH1R,SEL1L3,TCN2,PODXL,APOC2,SLCO2A1,TFEC,APOB,HLA-DRB1	0.005446953318475671	0	0
3	ERB2 UP.V1 UP	0.0006626543243870388	2.922462497564777	21.390254340245754	CSGALNACT1,ACHE,EDN1,SERPINA1,GDF15,TPK1,PLEKHB1,DUSP6,SLC9A3R2,PTPRE,MUC1,NPC2,PDE4B,ABCG1	0.031481545331390935	0	0
4	CSR LATE UP.V1 DN	0.00068812120942931	3.056728087588752	22.257704831411683	SFTPB,BTBD19,CCL11,MME,SGIP1,MRGPRF,ACCS,DAAM2,CCL2,ALPI,VAMP5,TRIM22,APOL3	0.031481545331390935	0	0
