Rank	Term name	P-value	Z-score	Combined score	Overlapping genes	Adjusted p-value	Old p-value	Old adjusted p-value
1	KRAS.KIDNEY UP.V1 DN	0.00044675477348686527	4.7991191583068264	37.01800907847536	SEMA5A,CSF1R,IL6,EGFL7,ABCA3,IFI30,FOLR2,SPATA6	0.03174974661530615	0	0
2	KRAS.BREAST UP.V1 DN	0.000513507718572494	4.693310996769176	35.54828968521785	EGFL7,CYP21A2,DPEP2,NDNF,MAML3,CAMK1,TSPAN12,IL18R1	0.03174974661530615	0	0
3	MTOR UP.V1 DN	0.0005602896461524615	4.142433862433863	31.0146371322859	AOC3,SLC12A4,FXYD1,CRY2,LIFR,MYH11,UPB1,KCNK3,GCOM1	0.03174974661530615	0	0
4	RPS14 DN.V1 UP	0.0007599663206088925	3.9597247520744787	28.43967940930948	CPM,MS4A6A,CD300A,ITGB2,ENPP2,CCL2,AZU1,FRY,AIF1	0.03229856862587793	0	0
