Rank	Term name	P-value	Z-score	Combined score	Overlapping genes	Adjusted p-value	Old p-value	Old adjusted p-value
1	RB P107 DN.V1 UP	1.899255390387253e-05	3.478899529297192	37.82072944567633	WDHD1,FKBP10,BEX2,RRM1,NAA40,PAQR4,CCNF,GMNN,GINS4,RPA1,CCNE1,POLD1,POLE2,RPA3,CENPK,DNA2,MCM2,TCFL5	0.0034566448105048005	0	0
2	E2F1 UP.V1 UP	0.00011316660989324793	2.7904620670415667	25.355950470871154	TPD52,TOP2A,WDHD1,RRM1,KLHL21,ELAVL1,AURKB,SLC9A3R1,POLA2,CNOT7,TLX2,KIFC1,DNAJC21,TAF6,DNA2,RDH13,SSX2IP,DCTPP1,BUB1,DLGAP5	0.010298161500285561	0	0
3	VEGF A UP.V1 DN	0.00041971722555860587	2.570895469241835	19.991101524560243	SLC30A9,YES1,RIF1,SPAG5,MRPL19,TWF1,PHKA1,HMMR,SMC4,CENPA,NDC80,NUDT21,EIF2S3,CCNE1,CCDC86,NBN,ATP13A3,BUB1,DLGAP5	0.02546284501722209	0	0
4	GCNP SHH UP LATE.V1 UP	0.0005947194299823839	2.5664716471647164	19.062264920117276	TOP2A,TIMM8A,NAA30,RRM1,IDH2,CDCA7,CDC25C,SMC4,CDC25A,AURKB,TM9SF3,POLA2,CLCN5,KIFC1,MYB,ARIH1,SSX2IP,DLGAP5	0.027059734064198464	0	0
5	HOXA9 DN.V1 DN	0.0012446259540782939	2.3909632488672594	15.992962450984315	SLC38A1,SHMT1,GINS4,MSMO1,STAM,CDC6,TEX15,SLC1A5,MEX3D,SLC2A5,LSS,COCH,SQLE,TBL1XR1,ZIC1,TMEM106C,TRIB3,TMEM45A	0.045304384728449894	0	0
