Rank	Term name	P-value	Z-score	Combined score	Overlapping genes	Adjusted p-value	Old p-value	Old adjusted p-value
1	Huntington disease	2.98498893358006e-08	4.190620929222753	72.61124380491728	COX8A,DCTN5,COX7B,KCNJ10,DNAH17,NDUFA12,HDAC1,TUBB,NDUFA10,NDUFA1,COX7A2,SDHA,ATP5MC1,SOD1,PSMD8,SEM1,PSMA4,ATP5F1B,PSMC6,PSMA1,PSMA2,HAP1,POLR2I,SLC25A6	6.358026428525528e-06	0	0
2	Amyotrophic lateral sclerosis	2.0181792608948642e-07	3.6297897381345767	55.95647526840186	DCTN5,COX7B,TOMM40,NDUFA12,NDUFA10,COX7A2,ATP5MC1,PSMD8,ATP5F1B,COX8A,DNAH17,TUBB,ALYREF,NDUFA1,CHCHD10,SDHA,SOD1,SEM1,PSMA4,PSMC6,PSMA1,PSMA2,DDIT3,HAP1,TARDBP	1.621876225766178e-05	0	0
3	Parkinson disease	2.928521267586542e-07	4.268669225001103	64.21614399584303	COX8A,COX7B,NDUFA12,TUBB,NDUFA10,NDUFA1,COX7A2,SDHA,ATP5MC1,PSMD8,SEM1,PSMA4,ATP5F1B,PSMC6,GNAL,PSMA1,PSMA2,DDIT3,NFE2L2,SLC25A6	1.621876225766178e-05	0	0
4	Prion disease	3.045776949795639e-07	4.078481012658228	61.19491427381669	COX8A,COX7B,CSNK2A1,NDUFA12,TUBB,NDUFA10,NDUFA1,COX7A2,SDHA,ATP5MC1,SOD1,PSMD8,SEM1,STIP1,PSMA4,ATP5F1B,PSMC6,PSMA1,PSMA2,DDIT3,SLC25A6	1.621876225766178e-05	0	0
5	Pathways of neurodegeneration	2.3056328403368292e-05	2.7186700767263425	29.028790799007034	DCTN5,COX7B,TOMM40,NDUFA12,NDUFA10,COX7A2,ATP5MC1,PSMD8,ATP5F1B,COX8A,DNAH17,CSNK2A1,TUBB,NDUFA1,SDHA,SOD1,SEM1,PSMC6,PSMA4,PSMA1,PSMA2,DDIT3,HAP1,TARDBP,SLC25A6	0.0009821995899834894	0	0
6	Alzheimer disease	0.00028826094925025477	2.63005397625045	21.439264804756327	COX8A,COX7B,CSNK2A1,NDUFA12,TUBB,NDUFA10,NDUFA1,COX7A2,SDHA,ATP5MC1,PSMD8,SEM1,PSMA4,ATP5F1B,PSMC6,PSMA1,PSMA2,DDIT3,SLC25A6	0.010233263698384044	0	0
7	Proteasome	0.00036190855086759945	7.1502439024390245	56.65938356170455	PSMD8,SEM1,PSMA4,PSMC6,PSMA1,PSMA2	0.011012360190685525	0	0
8	Oxidative phosphorylation	0.00047307883355905727	3.8970323200768955	29.836647918234068	COX8A,COX7B,ATP5F1B,NDUFA12,NDUFA10,NDUFA1,COX7A2,SDHA,ATP5MF,ATP5MC1	0.0125957239435099	0	0
