Rank	Term name	P-value	Z-score	Combined score	Overlapping genes	Adjusted p-value	Old p-value	Old adjusted p-value
1	mRNA surveillance pathway	4.807044922310094e-05	6.794638996973627	67.55802831918449	ALYREF,CPSF2,CSTF1,CSTF2,PABPN1,PPP2R2B,RNPS1,TARDBP	0.00954621569469477	0	0
2	Protein processing in endoplasmic reticulum	9.788109531528506e-05	4.767750578492267	44.01471539259174	CANX,CAPN1,HSPA5,NPLOC4,NSFL1C,PRKCSH,RAD23A,RAD23B,RNF185,UBE2G1	0.00954621569469477	0	0
3	Parkinson disease	0.00012900291479317258	3.9021363886526244	34.946267482031544	ATP5F1B,COX7A2,COX7B,DRD2,GNAI1,HSPA5,NDUFA1,NDUFS7,PSMC6,PSMD12,PSMD8,UBE2G1	0.00954621569469477	0	0
4	RNA transport	0.00019513065797210707	4.358065953654189	37.225907240696344	ALYREF,EIF1AY,EIF3J,EIF4E,EIF5,NUP50,NUP93,RAE1,RNPS1,TARDBP	0.010829751517451943	0	0
5	Amyotrophic lateral sclerosis	0.0003796740651614853	3.0892430278884464	24.33148789359043	ALYREF,ATP5F1B,COX7A2,COX7B,HSPA5,NDUFA1,NDUFS7,NUP50,NUP93,PSMC6,PSMD12,PSMD8,RAE1,TARDBP	0.014885834704742095	0	0
6	Oxidative phosphorylation	0.00040231985688492147	4.883424124513619	38.17989474091596	ATP5F1B,ATP6V1E1,COX7A2,COX7B,LHPP,NDUFA1,NDUFS7,PPA2	0.014885834704742095	0	0
