Signature	Dysplasia-AAH	Dysplasia-CIS+AIS	Dysplasia-Primary	AAH-CIS+AIS	AAH-Primary	CIS+AIS-Primary
ID83A	0.17094017094017094	0.2795468168030265	0.1433931235835098	0.14307250101447141	0.8507564307937723	0.002776769941192864
ID83B	0.5236985236985237	0.7903704067780691	0.4914065779023853	0.3411882029947746	0.23437446564694386	0.5155828863330716
