Signature	AAH-CIS+AIS	AAH-MIA	AAH-Primary	CIS+AIS-MIA	CIS+AIS-Primary	MIA-Primary
DBS2	0.009505939825704328	0.8504362683123465	0.00723391759820641	0.36917141633269157	0.8120507202094501	0.3426546639114436
DBS7	0.4911188504806727	1.0	0.05740429168799039	1.0	0.03836635956617967	0.5258765951630421
DBS78A	0.07326245018541983	0.2773680065076949	0.16251999009315554	0.16117254459568675	0.917551291679321	0.23078017373587678
