	Fisher	Chi2	Barnard	Boschloo	39A1-NO	39A2-NO	51A1-NO	54A1-NO	65A1-NO	cn107A1-NO	cn95A-NO	55A1-YES	55A2-YES	61A1-YES	61A2-YES	62A1-YES	62A2-YES	62A3-YES	62A4-YES
CACNA1H	1.5910646070264989	1.252349612125943	1.6369986726144705	1.782886907979339		Missense	Missense,Missense	Missense,Missense,Missense		Missense									
CELSR2	1.5910646070264989	1.252349612125943	1.6369986726144705	1.782886907979339	Missense		Missense	Missense			Missense								
CFAP58	1.5910646070264989	1.252349612125943	1.6369986726144705	1.782886907979339	Missense	Missense	Missense	Frameshift indel,Frameshift indel											
FBXO38	1.5910646070264989	1.252349612125943	1.6369986726144705	1.782886907979339	Missense	Missense		Frameshift indel			Missense								
MED12	1.5910646070264989	1.252349612125943	1.6369986726144705	1.782886907979339	Missense	Missense	Missense	Nonsense											
PPRC1	1.5910646070264989	1.252349612125943	1.6369986726144705	1.782886907979339	Missense		Missense	Missense		Missense									
RELN	1.5910646070264989	1.252349612125943	1.6369986726144705	1.782886907979339	Missense	Nonsense	Missense	Missense											
TOP1MT	1.5910646070264989	1.252349612125943	1.6369986726144705	1.782886907979339	Missense,Nonsense	Missense	Missense	Missense											
USP9X	1.5910646070264989	1.252349612125943	1.6369986726144705	1.782886907979339	Missense	Missense		Missense			Missense								
DSG3	1.1139433523068365	0.959739045669314	1.4248392271313108	1.4178767418376694								Missense	Missense			Nonsense	Missense		
MAP3K6	1.1139433523068365	0.959739045669314	1.4248392271313108	1.4178767418376694								Missense			Frameshift indel		Missense	Missense	
MYO5A	1.1139433523068365	0.959739045669314	1.4248392271313108	1.4178767418376694								Missense	Missense			Nonsense	Missense		
THSD4	1.1139433523068365	0.959739045669314	1.4248392271313108	1.4178767418376694								Missense	Missense				Missense		Missense
