Signature	AAH-CIS+AIS	AAH-MIA	AAH-Primary	CIS+AIS-MIA	CIS+AIS-Primary	MIA-Primary
ID83A	0.0028630436094025467	1.0	0.0003850477988596517	0.16245549726860664	0.5794430098789003	0.21756504556742928
ID83B	0.0028630436094025467	1.0	0.0003850477988596517	0.16245549726860664	0.5794430098789003	0.21756504556742928
