Signature	AAH: NO-YES	CIS+AIS: NO-YES	Primary: NO-YES
DBS2	0.9408026565073495	0.2973131686516368	0.15844547742353543
DBS78A	0.6018748670042249	0.2993869058036013	0.6199335768137242
