Signature	AAH-CIS+AIS	AAH-MIA	AAH-Primary	CIS+AIS-MIA	CIS+AIS-Primary	MIA-Primary
SBS1	0.5118799273370487	0.25	0.8993022978950431	0.6000000000000001	0.8976851458261728	0.42105263157894735
SBS2	0.4911188504806727	1.0	0.3008618029033998	1.0	1.0	1.0
SBS4	0.1263903706125978	0.8504362683123465	0.1425418422730197	0.5562984612747348	0.8820366452407499	0.5801100924453357
SBS5	0.4742743507673295	0.25	0.5269205333593165	0.2	0.8976851458261728	0.10526315789473684
SBS10b	0.28271191900946313	0.6641575296155062	0.1961460712480162	0.6000000000000001	0.7359521482500391	0.3077583381821647
SBS13	0.4911188504806727	1.0	0.3008618029033998	1.0	1.0	1.0
SBS87	0.13414205814260974	0.17423138824802498	0.12929488113322132	0.08663681660312045	0.6888539056113303	0.09698050599105415
