Signature	CIS+AIS: Never-Ex	Primary: Never-Ex	CIS+AIS: Never-Current	Primary: Never-Current	Dysplasia: Ex-Current	AAH: Ex-Current	CIS+AIS: Ex-Current	Primary: Ex-Current
ID83A	0.12696651990285088	0.7620891711859138	0.4521435717882837	0.931551261156155	0.4	0.05714285714285714	0.040570075637461865	0.3783171463748376
ID83B	0.8942223446531297	0.40648326619234165	0.9433785605757905	0.6908823558599881	0.6926327840419602	1.0	0.8838775753990883	0.6889720037931873
