Signature	AAH-CIS+AIS	AAH-MIA	AAH-Primary	CIS+AIS-MIA	CIS+AIS-Primary	MIA-Primary
ID83A	0.5111442814041449	0.38414452713888114	0.12862932555341677	0.2948019919337048	0.3957772389759733	0.7147612690589884
ID83B	0.9433410137566324	0.5974447210466356	0.9142051009780533	0.6683941835413165	1.0	0.5801100924453357
