Signature	Dysplasia: NO-YES	CIS+AIS: NO-YES	Primary: NO-YES
SBS1	0.8	0.37583098973142437	0.03573200271347617
SBS2	1.0	0.2673121693628988	0.6091785641960981
SBS4	1.0	0.3157924318879257	0.5202454976729503
SBS5	0.4	0.260308900781411	0.9526022942446541
SBS10b	0.8	0.27662460873460326	0.11481218342666918
SBS13	1.0	0.2673121693628988	0.7306402665460767
SBS87	0.6926327840419602	0.14218076539748659	0.18101865136544948
