Signature	CIS+AIS: Never-Ex	Primary: Never-Ex	CIS+AIS: Never-Current	Primary: Never-Current	AAH: Ex-Current	CIS+AIS: Ex-Current	Primary: Ex-Current
ID83A	0.7551888894226785	0.5827379000679151	1.0	0.7750969621959847	0.48291893533097396	0.8485720888307414	0.6894037983074207
ID83B	0.7551888894226785	0.5827379000679151	1.0	0.7750969621959847	0.48291893533097396	0.8485720888307414	0.6894037983074207
