Signature	Dysplasia-AAH	Dysplasia-CIS+AIS	Dysplasia-Primary	AAH-CIS+AIS	AAH-Primary	CIS+AIS-Primary
SBS1	0.17094017094017094	0.09957202588781536	0.005403488525851395	0.0006065438443852836	6.806510667331063e-06	0.0035677229919858578
SBS2	1.0	0.5220533612155327	0.4629800128063021	0.4126469106442161	0.34935306259881393	0.5993966912826757
SBS4	1.0	0.3378164059981327	0.1404136271676887	0.2236977172506357	0.06290769302014099	0.029138691959595175
SBS5	0.2987734011843952	0.7206069622773827	0.5609576267798995	0.052840255289930645	0.01568055596045708	0.412157662129468
SBS10b	0.09324009324009325	0.08259677048090784	0.026216601833900226	0.0006027734229613903	7.563938476749206e-05	0.035889043030786306
SBS13	1.0	0.5220533612155327	0.4966647617198273	0.4126469106442161	0.3853149780500623	0.8291823651702019
SBS87	1.0	0.9312001542154661	0.9424915765106037	0.6117396360240486	0.5042226655031323	0.7263696341538501
