Signature	AAH: NO-YES	CIS+AIS: NO-YES	Primary: NO-YES
DBS2	0.9220850727491523	0.10147124685924781	0.5068660048218983
DBS7	0.4226780741706355	1.0	0.3129418011816908
DBS78A	0.8040040579628547	0.10147124685924781	0.9204898640408135
