Signature	CIS+AIS: Never-Ex	Primary: Never-Ex	CIS+AIS: Never-Current	Primary: Never-Current	Dysplasia: Ex-Current	AAH: Ex-Current	CIS+AIS: Ex-Current	Primary: Ex-Current
DBS2	0.1257808268032678	0.708566288070126	0.23215162796278777	0.8040345033430751	1.0	1.0	0.4216510450046739	1.0
DBS7	0.5488501624125377	0.6074328205379511	0.6155580442832056	0.6329837642315089	0.13361440253771614	1.0	0.7069490746701592	0.8977405372582534
DBS78A	0.023408577876328558	0.019676454375503423	0.1244005404660566	0.1436961052425821	0.4	0.04083312586129952	0.30692885798616276	0.48897570562655635
