Rank	Term name	P-value	Z-score	Combined score	Overlapping genes	Adjusted p-value	Old p-value	Old adjusted p-value
1	Ubiquinone and other terpenoid-quinone biosynthesis	0.00384417200458596	333.05	1852.1566750462314	HPD	0.032646140973184544	0	0
2	Phenylalanine metabolism	0.005935661995124462	208.09375	1066.8501922993223	HPD	0.032646140973184544	0	0
3	Tyrosine metabolism	0.012533916617468993	95.03809523809524	416.20194419543344	HPD	0.04017684971341285	0	0
4	Tryptophan metabolism	0.014609763532150127	81.10569105691057	342.7579416357621	ALDH8A1	0.04017684971341285	0	0
