Rank	Term name	P-value	Z-score	Combined score	Overlapping genes	Adjusted p-value	Old p-value	Old adjusted p-value
1	Steroid hormone biosynthesis	9.435763193466396e-05	18.838311996206734	174.6013575270326	AKR1C1,AKR1C2,AKR1C3,UGT1A6	0.010096266617009044	0	0
2	Ubiquinone and other terpenoid-quinone biosynthesis	0.0008072251304274173	58.22514619883041	414.67413198594653	HPD,NQO1	0.04318654447786682	0	0
