Rank	Term name	P-value	Z-score	Combined score	Overlapping genes	Adjusted p-value	Old p-value	Old adjusted p-value
1	Malaria	5.8777319840298435e-05	10.052604698672114	97.93000700441284	ACKR1,CR1,CSF3,HBA2,IL6,SELE	0.011931795927580582	0	0
2	Hematopoietic cell lineage	0.00041780112837437524	5.616418764302059	43.69857432319968	CR1,CSF3,FLT3,IL5RA,IL6,ITGAM,ITGB3	0.04240681452999909	0	0
