Rank	Term name	P-value	Z-score	Combined score	Overlapping genes	Adjusted p-value	Old p-value	Old adjusted p-value
1	NFE2L2.V2	1.1180534602852593e-08	4.4433951399285965	81.35452842122496	ABCB6,ABCC2,AKR1C1,AKR1C3,ARHGAP8,B4GALNT1,CBR3,CPLX2,CYP4F11,FNDC9,GCLC,GSR,HJURP,IGFBP3,NQO1,OSGIN1,PHGDH,PTGR1,PTPRZ1,SPP1,STXBP5L,UCHL1,UGT1A7,ZNF714	1.844788209470678e-06	0	0
2	CSR LATE UP.V1 UP	6.773607394421062e-05	4.995918783797571	47.9602791164342	BIRC5,CXCL6,DTYMK,FANCA,FOXM1,IGFBP3,PBK,TUBG1,UBE2C,UHRF1	0.005588226100397376	0	0
3	LEF1 UP.V1 UP	0.0008483730676828833	3.8952608522500998	27.548025160677714	BMP7,CDKN2A,CHGB,KRT5,PAX6,S100A2,SCN5A,SLC6A8,STRA6	0.04666051872255858	0	0
4	SNF5 DN.V1 DN	0.0011478742803808111	4.117696511139134	27.876160956563893	CBR3,CDKN2A,DIO2,DSG2,GABRB1,PTPRZ1,SLC1A6,UCHL1	0.047349814065708457	0	0
