Rank	Term name	P-value	Z-score	Combined score	Overlapping genes	Adjusted p-value	Old p-value	Old adjusted p-value
1	RPS14 DN.V1 UP	4.1961399649052716e-05	5.964177292046145	60.111514018480634	ANXA3,CD69,CPM,CTSH,HLA-DQB1,PDE4D,RCBTB2,SH3BP5,TYROBP	0.0065459783452522236	0	0
2	ERB2 UP.V1 UP	0.00024386893829145867	5.268966442053036	43.831897527605406	FGFR4,LIMCH1,LMO3,MALL,MYO1D,PAPSS2,PDE4D,PNRC1	0.019021777186733774	0	0
3	CRX NRL DN.V1 DN	0.0008902454274755469	5.778592375366569	40.588910116170574	ADRB2,EGR1,NR4A1,PTER,RTKN2,TMEM87A	0.04069158303899331	0	0
4	CYCLIN D1 KE .V1 UP	0.001265356335093616	4.582233773157403	30.574503540994094	APOC1,CD52,FGFR4,HBA2,MALL,PLCB2,TRIO	0.04069158303899331	0	0
5	ESC J1 UP LATE.V1 UP	0.0013042174050959395	4.55709835630965	30.26894045224375	CITED2,CTSH,GPX3,HLA-DRB1,HNF1B,ID2,RAMP2	0.04069158303899331	0	0
