Rank	Term name	P-value	Z-score	Combined score	Overlapping genes	Adjusted p-value	Old p-value	Old adjusted p-value
1	CAHOY ASTROCYTIC	0.009975146592314696	201.0	926.1393826889021	BCAT1	0.02229062571805404	0	0
2	KRAS.LUNG UP.V1 UP	0.01405052356885377	141.84285714285716	604.9733486161721	IGSF1	0.02229062571805404	0	0
3	P53 DN.V2 DN	0.014447671516019701	137.875	584.206985754933	BCAT1	0.02229062571805404	0	0
4	RPS14 DN.V1 DN	0.018612896489265424	106.51612903225806	424.3496681125001	BCAT1	0.02229062571805404	0	0
5	HOXA9 DN.V1 DN	0.019405272940630942	102.08247422680412	402.4305965342857	BCAT1	0.02229062571805404	0	0
6	LTE2 UP.V1 DN	0.019504297503297286	101.55384615384615	399.82972476389375	IGSF1	0.02229062571805404	0	0
7	MTOR UP.N4.V1 UP	0.019504297503297286	101.55384615384615	399.82972476389375	BCAT1	0.02229062571805404	0	0
8	NFE2L2.V2	0.047522546395580074	40.6625	123.88038083439714	BCAT1	0.047522546395580074	0	0
