Signature	Dysplasia-AAH	Dysplasia-CIS+AIS	Dysplasia-Primary	AAH-CIS+AIS	AAH-Primary	CIS+AIS-Primary
ID83A	0.08089265412686569	0.6888520341056232	0.5575249200464236	0.02898406236566112	0.0142225019064324	0.5131563922155036
ID83B	0.08089265412686569	0.6888520341056232	0.5575249200464236	0.02898406236566112	0.0142225019064324	0.5131563922155036
