Signature	Dysplasia-AAH	Dysplasia-CIS+AIS	Dysplasia-Primary	AAH-CIS+AIS	AAH-Primary	CIS+AIS-Primary
SBS1	1.0	0.7595970235575416	0.41016081680566374	0.6518677156897804	0.23148650489277	0.12592527025414513
SBS2	1.0	0.668225423082642	0.403552649769536	0.5779551937050373	0.2880060624266697	0.059049789054878815
SBS4	1.0	0.27249404062647964	0.15146764442238198	0.164488778663626	0.07026259412808916	0.10710714739647413
SBS5	0.5591085853902038	0.29748438268161315	0.10478057503088524	0.05056022218239449	0.011380231412198412	0.18632089407738595
SBS6	0.38143513784958727	0.867284443625224	0.9526906155523143	0.14478165369225085	0.10688376328808205	0.8778957815424552
SBS10b	0.7241647241647241	0.6171843645022266	0.3215131280447221	0.6575785472407332	0.24851429049012064	0.10324694956627903
SBS13	1.0	0.668225423082642	0.40356056951708297	0.5779551937050373	0.28801358583304715	0.058023441333695164
SBS87	0.2987734011843952	0.4935684275717912	0.39850678812479856	0.3958303607554279	0.5263828438915735	0.5876059191876235
