Signature	CIS+AIS: Never-Ex	Primary: Never-Ex	CIS+AIS: Never-Current	Primary: Never-Current	Dysplasia: Ex-Current	AAH: Ex-Current	CIS+AIS: Ex-Current	Primary: Ex-Current
ID83A	0.7927061445027607	0.4741036840948827	0.5507340372913418	0.20439791871782775	0.4	0.34285714285714286	0.2555203542163692	0.8985070588269174
ID83B	0.7927061445027607	0.4741036840948827	0.5507340372913418	0.20439791871782775	0.4	0.34285714285714286	0.2555203542163692	0.8985070588269174
