Signature	AAH-CIS+AIS	AAH-MIA	AAH-Primary	CIS+AIS-MIA	CIS+AIS-Primary	MIA-Primary
ID83A	0.7491041585772396	0.5978433765015728	0.8631406639789333	0.6683941835413165	0.9267475592838179	0.5801100924453357
ID83B	0.7491041585772396	0.5978433765015728	0.8631406639789333	0.6683941835413165	0.9267475592838179	0.5801100924453357
