Rank	Term name	P-value	Z-score	Combined score	Overlapping genes	Adjusted p-value	Old p-value	Old adjusted p-value
1	NFE2L2.V2	4.992352809487706e-10	2.7808905008186144	59.56095597770539	ABHD4,AKR1C1,AKR1C3,ALDH3A1,B4GALNT1,CBR1,CBR3,CSTA,CYP4F11,CYP4F3,DBF4,EIF1AX,ESCO2,FERMT1,G6PD,GCLC,GCNT3,GPC1,GPX2,GSR,HJURP,IDE,IGFBP3,MCM3,METTL3,NDUFC2,NFE2L2,NQO1,NT5DC1,PANX2,PCSK6,PGD,PNPLA4,PTGR1,PTPRZ1,RABL3,RPL22L1,RRM2,SLC7A11,SREBF1,STXBP5L,TALDO1,TKT,TMEM237,TRIM29,TXNRD1,UCHL1,UGDH,UGT1A1,UGT1A3,UGT1A5,UGT1A6,UGT1A7,UGT1A9,WDHD1	9.33569975374201e-08	0	0
2	CSR LATE UP.V1 UP	1.2505808353488719e-06	3.4223989876163787	46.51691317198347	ACTL6A,BIRC5,CKAP2,CLSPN,CXCL6,DTYMK,EZH2,FAM83D,FANCA,FEN1,FOXM1,IGFBP3,ILF2,KRT18,MAZ,MCM3,PBK,PGM2,PRMT5,RRM2,UBE2C,UHRF1,UMPS,WSB2	0.00011692930810511952	0	0
3	P53 DN.V1 UP	3.1676841313711446e-05	2.8320504304562446	29.339829211780938	ANXA1,AUTS2,AZGP1,CALB1,CD9,CDH13,CDKN2A,COL17A1,DSC2,EPCAM,GPSM2,ITGB4,KLF5,KLK10,KRT18,LSR,NDC80,PITX1,PRDX2,SULF1,THOC1,TJP2,UCHL1	0.00197452310855468	0	0
4	E2F1 UP.V1 UP	0.0004678905348755176	2.483762289106778	19.043691459010816	DBF4,DLX1,EZH2,FEN1,HMGB3,KPNA1,MCM4,NASP,NCAPH,PKP4,PLK4,POLA2,PRC1,RRM1,STIL,TOP2A,TYMS,UBE2T,UCK2,WDHD1	0.021873882505430448	0	0
5	RB P107 DN.V1 UP	0.000730052137746044	2.702548565318125	19.518872177369857	ASF1B,CCNE2,FANCA,FEN1,GSTM2,INCENP,NCAPD2,NCAPH,PRC1,RFC2,RPA3,RRM1,RRM2,SPIRE2,TRPM1,WDHD1	0.0272472478443943	0	0
6	MTOR UP.V1 UP	0.0008742432463442021	2.482121000174856	17.479473135123424	BDH1,CYP26A1,CYP51A1,DBF4,DHCR7,FDPS,GPX2,GSS,HELLS,HSPE1,IDH3A,LIPG,LSS,PPAN,RRM2,TMPRSS4,UBE2C,UHRF1	0.0272472478443943	0	0
7	RB P130 DN.V1 UP	0.0012096175308054797	2.6603715344034122	17.870915582665162	ATP2A1,B4GALT4,BIRC5,CCNB2,COL11A2,FST,HMGA2,LSM4,POLD2,POLR2I,SIM2,SLC13A2,SNRPB,SNRPC,UBE2C	0.032314068322946386	0	0
8	HOXA9 DN.V1 DN	0.0017191101966650372	2.262377796815158	14.402180427902735	CCNK,CYP51A1,DHCR7,DLX5,FADS1,FANCG,FANCI,FZD6,HELLS,LSS,MPI,MVD,NCAPD2,NPR3,PLK4,RNASEH2A,SREBF1,STAM,TMEM45A	0.04018420084704524	0	0
