Signature	Dysplasia-AAH	Dysplasia-CIS+AIS	Dysplasia-Primary	AAH-CIS+AIS	AAH-Primary	CIS+AIS-Primary
DBS2	1.0	0.04208554816905564	0.013824849864101459	0.01073894643616648	0.002071675817500558	0.05557671324622457
DBS78A	1.0	0.04208554816905564	0.013824849864101459	0.01073894643616648	0.002071675817500558	0.05557671324622457
