Signature	Dysplasia-AAH	Dysplasia-CIS+AIS	Dysplasia-Primary	AAH-CIS+AIS	AAH-Primary	CIS+AIS-Primary
DBS2	1.0	0.0754959783032833	0.046365317871157975	0.025366880614432017	0.012351993540402294	0.38728132247813785
DBS7	0.2683816272927607	0.5080450914278383	0.47449274747500214	0.33546230969051094	0.38527411627070507	0.8144071811091871
DBS78A	0.2683816272927607	0.3682570556734168	0.24166190725243908	0.01451727645428804	0.006824844082486985	0.4235432811655129
