Signature	AAH-CIS+AIS	AAH-MIA	AAH-Primary	CIS+AIS-MIA	CIS+AIS-Primary	MIA-Primary
DBS2	0.010510468063705956	0.8504362683123465	0.00757275039982666	0.36917141633269157	0.8322590430474908	0.3405866688279803
DBS7	0.4911188504806727	1.0	0.028701183159275154	1.0	0.038565835588986894	0.5268474629508533
DBS78A	0.03076317430128771	0.7503158528871919	0.0004564579802901596	0.36917141633269157	0.10695492403926098	0.19525997387136396
