Signature	CIS+AIS: Never-Ex	Primary: Never-Ex	CIS+AIS: Never-Current	Primary: Never-Current	AAH: Ex-Current	CIS+AIS: Ex-Current	Primary: Ex-Current
DBS2	0.4319229997869922	0.4010658894903636	0.6666666666666666	0.7750969621959847	0.6495327842914469	0.6128139489903802	0.24133767822829089
DBS78A	0.4319229997869922	0.4010658894903636	0.6666666666666666	0.7750969621959847	0.6495327842914469	0.6128139489903802	0.24133767822829089
