Rank	Term name	P-value	Z-score	Combined score	Overlapping genes	Adjusted p-value	Old p-value	Old adjusted p-value
1	KRAS.DF.V1 DN	0.0013948699927373322	9.043478260869565	59.46045413696525	DCAF10,IGFBP2,MEX3D,PTPN14	0.03980146429422963	0	0
2	HOXA9 DN.V1 DN	0.0014214808676510581	8.995674937400409	58.97614942310349	BCAT1,IGFBP2,MEX3D,ZIC1	0.03980146429422963	0	0
