Rank	Term name	P-value	Z-score	Combined score	Overlapping genes	Adjusted p-value	Old p-value	Old adjusted p-value
1	NFE2L2.V2	5.565882429704609e-08	8.064676616915422	134.71256147117595	ABCB6,AKR1C1,ARHGAP8,CBR3,CYP4F11,GCLC,GSR,IGFBP3,NQO1,PTGR1,PTPRZ1,UCHL1,UGT1A6	6.233788321269162e-06	0	0
2	CSR LATE UP.V1 UP	0.0006339570092108299	7.885429141716567	58.064589432104334	BIRC5,CXCL6,FANCA,IGFBP3,UHRF1	0.023667728343870983	0	0
3	ESC V6.5 UP EARLY.V1 DN	0.0006339570092108299	7.885429141716567	58.064589432104334	COL1A1,IGFBP3,KRT17,KRT8,PNRC2	0.023667728343870983	0	0
4	P53 DN.V1 UP	0.0010882066669670276	6.95978835978836	47.48819634480627	CALB1,PITX1,SCNN1A,SULF1,UCHL1	0.024939900157595837	0	0
5	PRC2 EZH2 UP.V1 UP	0.0011133883998926714	6.922807017543859	47.07749201642916	OCEL1,PILRB,PITX1,RAD54L,SULF1	0.024939900157595837	0	0
6	KRAS.BREAST UP.V1 UP	0.0028048751854246406	7.330615270570793	43.07759999947079	CALB1,IGFBP3,PRB4,TMPRSS4	0.04713074237398947	0	0
7	MEL18 DN.V1 DN	0.0029456713983743417	7.228070175438597	42.120989923164984	ESRP1,NTS,SCNN1A,SULF1	0.04713074237398947	0	0
