Rank	Term name	P-value	Z-score	Combined score	Overlapping genes	Adjusted p-value	Old p-value	Old adjusted p-value
1	LEF1 UP.V1 DN	0.0006420499268484465	6.178720735785953	45.41881527356137	CTSH,HNF1B,OLR1,PAPSS2,SLC24A1,TNNC1	0.024217605180303477	0	0
2	RPS14 DN.V1 UP	0.000678234530585218	6.11166253101737	44.59079625798041	CD69,CTSH,HLA-DQB1,PDE4D,SH3BP5,SLC31A2	0.024217605180303477	0	0
3	IL2 UP.V1 UP	0.000678234530585218	6.11166253101737	44.59079625798041	CD52,CD69,EGR1,LGALSL,LILRB4,TRIB1	0.024217605180303477	0	0
4	MTOR UP.N4.V1 DN	0.0006969095015914669	6.078671328671328	44.184980453604524	CD52,CLN5,HBP1,PNRC1,SOS2,TPP1	0.024217605180303477	0	0
5	STK33 UP	0.001186487148417155	4.658428949691086	31.38270995539761	EGR1,HBP1,IL6ST,KLHL28,OLR1,TRIB1,VSIG4	0.03298434272599691	0	0
6	CSR EARLY UP.V1 DN	0.0016218857843803241	6.309044423138383	40.53034704979477	AMT,ATP11A,HBP1,PAPLN,ZNF33A	0.03757368733814418	0	0
