Rank	Term name	P-value	Z-score	Combined score	Overlapping genes	Adjusted p-value	Old p-value	Old adjusted p-value
1	CYCLIN D1 UP.V1 UP	0.0017893103509113253	42.59569892473118	269.4571972396255	CD52,EGR1	0.029843545852661732	0	0
2	IL2 UP.V1 UP	0.0018652216157913582	41.69052631578948	261.9989181630727	CD52,EGR1	0.029843545852661732	0	0
