Signature	CIS+AIS: Never-Ex	Primary: Never-Ex	CIS+AIS: Never-Current	Primary: Never-Current	Dysplasia: Ex-Current	AAH: Ex-Current	CIS+AIS: Ex-Current	Primary: Ex-Current
DBS2	0.11197835081247366	0.4442976001381913	0.11098945890402291	0.5153768481392873	1.0	1.0	0.9199695540505162	0.8193968970134613
DBS78A	0.1321619778626275	0.008755448139405429	0.3454128924023282	0.023866157604878535	0.27650048008343264	0.7715034091403082	0.3231281554406078	0.8995203378544742
