Rank	Term name	P-value	Z-score	Combined score	Overlapping genes	Adjusted p-value	Old p-value	Old adjusted p-value
1	Huntington disease	2.98498893358006e-08	4.190620929222753	72.61124380491728	ATP5F1B,ATP5MC1,COX7A2,COX7B,COX8A,DCTN5,DNAH17,HAP1,HDAC1,KCNJ10,NDUFA1,NDUFA10,NDUFA12,POLR2I,PSMA1,PSMA2,PSMA4,PSMC6,PSMD8,SDHA,SEM1,SLC25A6,SOD1,TUBB	6.358026428525528e-06	0	0
2	Amyotrophic lateral sclerosis	2.0181792608948642e-07	3.6297897381345767	55.95647526840186	ALYREF,ATP5F1B,ATP5MC1,CHCHD10,COX7A2,COX7B,COX8A,DCTN5,DDIT3,DNAH17,HAP1,NDUFA1,NDUFA10,NDUFA12,PSMA1,PSMA2,PSMA4,PSMC6,PSMD8,SDHA,SEM1,SOD1,TARDBP,TOMM40,TUBB	1.621876225766178e-05	0	0
3	Parkinson disease	2.928521267586542e-07	4.268669225001103	64.21614399584303	ATP5F1B,ATP5MC1,COX7A2,COX7B,COX8A,DDIT3,GNAL,NDUFA1,NDUFA10,NDUFA12,NFE2L2,PSMA1,PSMA2,PSMA4,PSMC6,PSMD8,SDHA,SEM1,SLC25A6,TUBB	1.621876225766178e-05	0	0
4	Prion disease	3.045776949795639e-07	4.078481012658228	61.19491427381669	ATP5F1B,ATP5MC1,COX7A2,COX7B,COX8A,CSNK2A1,DDIT3,NDUFA1,NDUFA10,NDUFA12,PSMA1,PSMA2,PSMA4,PSMC6,PSMD8,SDHA,SEM1,SLC25A6,SOD1,STIP1,TUBB	1.621876225766178e-05	0	0
5	Pathways of neurodegeneration	2.3056328403368292e-05	2.7186700767263425	29.028790799007034	ATP5F1B,ATP5MC1,COX7A2,COX7B,COX8A,CSNK2A1,DCTN5,DDIT3,DNAH17,HAP1,NDUFA1,NDUFA10,NDUFA12,PSMA1,PSMA2,PSMA4,PSMC6,PSMD8,SDHA,SEM1,SLC25A6,SOD1,TARDBP,TOMM40,TUBB	0.0009821995899834894	0	0
6	Alzheimer disease	0.00028826094925025477	2.63005397625045	21.439264804756327	ATP5F1B,ATP5MC1,COX7A2,COX7B,COX8A,CSNK2A1,DDIT3,NDUFA1,NDUFA10,NDUFA12,PSMA1,PSMA2,PSMA4,PSMC6,PSMD8,SDHA,SEM1,SLC25A6,TUBB	0.010233263698384044	0	0
7	Proteasome	0.00036190855086759945	7.1502439024390245	56.65938356170455	PSMA1,PSMA2,PSMA4,PSMC6,PSMD8,SEM1	0.011012360190685525	0	0
8	Oxidative phosphorylation	0.00047307883355905727	3.8970323200768955	29.836647918234068	ATP5F1B,ATP5MC1,ATP5MF,COX7A2,COX7B,COX8A,NDUFA1,NDUFA10,NDUFA12,SDHA	0.0125957239435099	0	0
