Signature	Dysplasia: NO-YES	CIS+AIS: NO-YES	Primary: NO-YES
ID83A	0.6926327840419602	0.8217734705701432	0.9602418860532331
ID83B	0.6926327840419602	0.8217734705701432	0.9602418860532331
