Signature	CIS+AIS: Never-Ex	Primary: Never-Ex	CIS+AIS: Never-Current	Primary: Never-Current	AAH: Ex-Current	CIS+AIS: Ex-Current	Primary: Ex-Current
DBS2	0.43638523105101057	0.4058398164922826	0.6666666666666666	0.7750969621959847	0.7053423141486048	1.0	0.3677079800372154
DBS78A	1.0	0.8729268814008976	0.6666666666666666	0.75	0.9529273593683111	0.09162846245445476	0.30192517010840647
