Signature	Dysplasia: NO-YES	CIS+AIS: NO-YES	Primary: NO-YES
DBS2	1.0	0.7387115951617744	0.5599039383416711
DBS78A	0.7168005169944945	0.5307218425650628	0.4969081768392688
