Rank	Term name	P-value	Z-score	Combined score	Overlapping genes	Adjusted p-value	Old p-value	Old adjusted p-value
1	PPAR signaling pathway	5.334328829064209e-08	11.911337209302326	199.47341907689102	ACOX2,APOA2,CD36,CPT2,CYP27A1,FABP1,FABP3,FABP4,PLIN2,RXRG	1.2108926441975754e-05	0	0
2	Inflammatory bowel disease	2.5728651977533913e-05	9.097502972651606	96.14155010090258	HLA-DQB1,HLA-DRB1,IL12RB2,IL18R1,IL6,NFATC1,STAT4	0.002920201999450099	0	0
3	Malaria	5.3050890193149116e-05	10.2470506592644	100.8746197821549	CCL2,CD36,CSF3,IL6,KLRC4-KLRK1,SELP	0.0031759017387617016	0	0
4	Hematopoietic cell lineage	5.596302623368637e-05	6.6410819949281485	65.02163397545841	CD33,CD36,CSF1R,CSF3,HLA-DQB1,HLA-DRB1,IL6,ITGA1	0.0031759017387617016	0	0
5	PI3K-Akt signaling pathway	0.0010352354684165454	2.8990052325915703	19.925229317919822	CHRM1,COL4A1,COL6A1,COL6A5,CREB3L1,CSF1R,CSF3,FASLG,FLT4,IL6,ITGA1,MAGI1,TEK	0.038414480486674486	0	0
6	Transcriptional misregulation in cancer	0.001170876470499273	3.7120703842015317	25.05648508082685	CSF1R,DEFA3,ETV1,ID2,IL6,MITF,NFKBIZ,RUNX1T1,RXRG	0.038414480486674486	0	0
7	ECM-receptor interaction	0.0011845875039943673	5.487804878048781	36.978808515861004	CD36,CD47,COL4A1,COL6A1,COL6A5,ITGA1	0.038414480486674486	0	0
8	Staphylococcus aureus infection	0.0017579113490443013	5.054378591645939	32.06310214672712	CAMP,DEFA3,FCGR2A,HLA-DQB1,HLA-DRB1,SELP	0.04988073452913205	0	0
