Rank	Term name	P-value	Z-score	Combined score	Overlapping genes	Adjusted p-value	Old p-value	Old adjusted p-value
1	RB P107 DN.V1 UP	7.198345097726063e-05	3.119085476177422	29.753188145559918	CCNE1,CENPH,CENPK,DNA2,FKBP10,GMNN,HAUS8,IPO9,MCM7,NAA40,ORC6,POLD1,POLE2,RFC2,RPA3,STMN1,TCFL5,WDHD1	0.009592528732164986	0	0
2	ERB2 UP.V1 DN	0.00010426661665396724	2.662102063669813	24.4076406803227	C1ORF109,CCDC59,CPOX,DEPDC1,ECT2,EIF2S3,IAPP,IFI27,IGF1R,IRF7,KCTD3,MRPL19,NRCAM,PLA2G12A,PLK4,PSPH,RAD51AP1,RIF1,RNF138,STIL,TOPBP1,TTK	0.009592528732164986	0	0
3	VEGF A UP.V1 DN	0.00021355692275418358	2.582936631808959	21.82996568916236	ATP13A3,CACNA2D1,CCDC86,CCNE1,CENPA,DLGAP5,EIF2S3,HMMR,MEST,MRPL19,MT1X,PHKA1,PLK4,RIF1,SERPINB2,SLC30A9,SPAG5,TTK,TWF1,UCHL3,VRK1	0.01309815792892326	0	0
