Signature	CIS+AIS: Never-Ex	Primary: Never-Ex	CIS+AIS: Never-Current	Primary: Never-Current	Dysplasia: Ex-Current	AAH: Ex-Current	CIS+AIS: Ex-Current	Primary: Ex-Current
ID83A	0.04777866341630134	0.30561204259412755	0.15876416167232754	0.6469671929281197	0.4	0.02857142857142857	0.010350425287077159	0.06931954127556281
ID83B	0.06585961610511902	0.09024575028945157	0.17687150926837014	0.1492507743915345	0.4	0.02857142857142857	0.7750626632657113	0.5455627998598349
