Signature	AAH-CIS+AIS	AAH-MIA	AAH-Primary	CIS+AIS-MIA	CIS+AIS-Primary	MIA-Primary
SBS1	0.5118799273370487	0.125	0.5035791030734773	0.2	0.3680655063054846	0.21052631578947367
SBS2	1.0	1.0	1.0	1.0	1.0	1.0
SBS4	0.20695896202019304	0.7503158528871919	0.25892261080662093	0.5562984612747348	0.8820366452407499	0.5801100924453357
SBS5	0.21300817025698526	0.4173666901370544	0.027129469372338285	0.2216119602090857	0.22649071232069318	0.17015216886668005
SBS6	0.810673123877599	0.2709124278028009	0.27715233693069297	0.2216119602090857	0.46569859505827393	0.3428832983967489
SBS10b	0.1895786656534515	0.875	0.05462492891211054	0.6000000000000001	0.5189905630259439	0.5191281965708069
SBS13	1.0	1.0	1.0	1.0	1.0	1.0
SBS87	0.08242359730451672	0.27665842410886565	0.04541696059461575	0.16245549726860664	0.3513681244310578	0.14772484583052478
