Signature	CIS+AIS: Never-Ex	Primary: Never-Ex	CIS+AIS: Never-Current	Primary: Never-Current	Dysplasia: Ex-Current	AAH: Ex-Current	CIS+AIS: Ex-Current	Primary: Ex-Current
DBS2	0.1264744978007991	0.5501915554165167	0.23220710275557677	0.4953401862931459	1.0	1.0	0.41463649293618143	0.9860826213080005
DBS7	0.548898844799117	0.6075855522363149	0.6155580442832056	0.6329837642315089	0.13361440253771614	1.0	0.7636065637377453	0.8977405372582534
DBS78A	0.08739085769536091	0.38141076374827376	0.20297903477748047	0.4257485369292212	0.13361440253771614	1.0	0.2891712170204367	0.7536511128576804
