Signature	Dysplasia-AAH	Dysplasia-CIS+AIS	Dysplasia-Primary	AAH-CIS+AIS	AAH-Primary	CIS+AIS-Primary
ID83A	0.5236985236985237	0.5949760224389868	0.1687618917953596	1.0	0.2197011899956206	0.041573794394981406
ID83B	0.5236985236985237	0.5949760224389868	0.1687618917953596	1.0	0.2197011899956206	0.041573794394981406
