Rank	Term name	P-value	Z-score	Combined score	Overlapping genes	Adjusted p-value	Old p-value	Old adjusted p-value
1	ERB2 UP.V1 UP	4.742860068321788e-06	5.58392963271128	68.45266865309372	ABCC3,ACHE,ALDOC,ASPH,BCAM,CAPN5,CEACAM6,DOCK10,LMO3,MUC1,PARM1,SPTBN2	0.0005161998772332669	0	0
2	MEK UP.V1 UP	6.182034457883436e-06	5.430804810360777	65.13632963750003	ABCC3,ASPH,B3GNT3,BCAM,CAPN5,CCNJL,CEACAM6,CLDN4,PARM1,PTK7,SPTBN2,TP53I11	0.0005161998772332669	0	0
