Rank	Term name	P-value	Z-score	Combined score	Overlapping genes	Adjusted p-value	Old p-value	Old adjusted p-value
1	ESC V6.5 UP EARLY.V1 DN	3.278979798381879e-05	15.592499212102112	160.9986842135293	AHNAK,APP,CAV1,COL4A2,ZFP36L1	0.0031806104044304223	0	0
2	CSR LATE UP.V1 DN	0.0004801406140093421	12.227988878591288	93.4393400234872	ACVRL1,APOL3,SVEP1,TNXB	0.0147065233256163	0	0
3	ESC J1 UP LATE.V1 UP	0.0007434292543598395	10.843274372686137	78.11751788128794	APP,COL4A2,GADD45B,SLCO2A1	0.0147065233256163	0	0
4	IL15 UP.V1 UP	0.0007580682126606341	10.785051827605018	77.48776291930619	ACVRL1,GADD45B,HEG1,MAF	0.0147065233256163	0	0
5	TGFB UP.V1 UP	0.0007580682126606341	10.785051827605018	77.48776291930619	GADD45B,LMCD1,SLCO2A1,ZFP36L1	0.0147065233256163	0	0
