Rank	Term name	P-value	Z-score	Combined score	Overlapping genes	Adjusted p-value	Old p-value	Old adjusted p-value
1	Cholesterol metabolism	0.004993807445783005	407.1224489795918	2157.568479810259	NPC2	0.00998761489156601	0	0
2	Lysosome	0.01275924045043239	156.46456692913387	682.4201349142546	NPC2	0.01275924045043239	0	0
