Rank	Term name	P-value	Z-score	Combined score	Overlapping genes	Adjusted p-value	Old p-value	Old adjusted p-value
1	Parkinson disease	0.012449885795443991	19751.0	86628.75166994064	LRRK2	0.023749841578291703	0	0
2	Pathways of neurodegeneration	0.023749841578291703	19525.0	73027.0031542461	LRRK2	0.023749841578291703	0	0
