Rank	Term name	P-value	Z-score	Combined score	Overlapping genes	Adjusted p-value	Old p-value	Old adjusted p-value
1	LTE2 UP.V1 UP	0.01891007514899017	104.80952380952381	415.89052330713866	NPC2	0.019504297503297286	0	0
2	ERB2 UP.V1 UP	0.0190091247079765	104.25263157894737	413.1360989582474	NPC2	0.019504297503297286	0	0
3	RPS14 DN.V1 UP	0.019108169264343198	103.70157068062828	410.4134142102927	CEACAM8	0.019504297503297286	0	0
4	MEK UP.V1 UP	0.019504297503297286	101.55384615384615	399.82972476389375	NPC2	0.019504297503297286	0	0
5	RAF UP.V1 UP	0.019504297503297286	101.55384615384615	399.82972476389375	NPC2	0.019504297503297286	0	0
