Rank	Term name	P-value	Z-score	Combined score	Overlapping genes	Adjusted p-value	Old p-value	Old adjusted p-value
1	MEK UP.V1 UP	0.00013378999581851848	4.575502571294997	40.81000181458908	ABCC3,AQP3,ASPH,BCAM,CEACAM6,CLDN4,GDF15,MAP3K9,NPC2,TMPRSS4	0.018280007993662285	0	0
2	CRX DN.V1 DN	0.00021761914278169386	5.373289545703339	45.3116830429445	CXCL13,FRMD6,HNF1A,LAD1,PLAT,PYCR1,STEAP4,TIMP1	0.018280007993662285	0	0
3	ERB2 UP.V1 UP	0.0005165262349609924	4.191094619666048	31.719815460974598	ABCC3,AQP3,ASPH,BCAM,CEACAM6,GAMT,GDF15,MUC1,NPC2	0.02427402284198256	0	0
4	P53 DN.V1 UP	0.0005779529248091086	4.122499122499122	30.73742822949319	AGR2,ASS1,AUTS2,CDKN2A,CEACAM6,CLDN3,EGFR,GRIK2,MSLN	0.02427402284198256	0	0
