Rank	Term name	P-value	Z-score	Combined score	Overlapping genes	Adjusted p-value	Old p-value	Old adjusted p-value
1	ESC J1 UP EARLY.V1 DN	0.026611553959813745	55.67134831460674	201.88712300206905	BMP1	0.029702286492555446	0	0
2	CYCLIN D1 UP.V1 UP	0.027936955947393486	52.967914438502675	189.50886279946315	BMP1	0.029702286492555446	0	0
3	PIGF UP.V1 UP	0.028378489124853832	52.123684210526314	185.67101846704094	THSD7A	0.029702286492555446	0	0
4	CAMP UP.V1 DN	0.029702286492555446	49.743718592964825	174.92534091617622	THSD7A	0.029702286492555446	0	0
