Signature	Dysplasia: NO-YES	CIS+AIS: NO-YES	Primary: NO-YES
ID83A	0.8	0.21386617154614362	0.7016751644360144
ID83B	0.8	0.19406810620105852	0.11743039148530807
