Signature	Dysplasia: NO-YES	CIS+AIS: NO-YES	Primary: NO-YES
SBS1	0.8	0.6714246487052875	0.2644204368785915
SBS2	1.0	0.2673121693628988	0.6625249114315133
SBS4	1.0	0.37462780416847474	0.29840483331951784
SBS5	0.4	0.20772839813355548	0.14443146595682202
SBS10b	1.0	0.3003160000002545	0.36905872343577273
SBS13	1.0	0.2673121693628988	0.7506432151707599
SBS87	0.2356799134290376	0.10422788559247377	0.16769603000321553
