Signature	AAH: NO-YES	CIS+AIS: NO-YES	Primary: NO-YES
DBS2	0.9220850727491523	0.10147124685924781	0.14067159898043397
DBS7	0.4226780741706355	1.0	0.26093113687210856
DBS78A	0.4866741395092947	0.4604526222622708	0.45456018704059953
