Rank	Term name	P-value	Z-score	Combined score	Overlapping genes	Adjusted p-value	Old p-value	Old adjusted p-value
1	Phospholipase D signaling pathway	0.00010754927046560432	41.05241379310345	375.11895516205647	EGF,MS4A2,PIP5K1B	0.009249237260041971	0	0
2	Gastric acid secretion	0.0010817770250507728	48.926289926289925	334.1249824620561	CFTR,GNAI2	0.027758427297014818	0	0
3	Gap junction	0.001446623413914828	42.07399577167019	275.10179402813355	EGF,GNAI2	0.027758427297014818	0	0
4	Bile secretion	0.0015124041676072395	41.11363636363637	266.99420470818814	CFTR,SCTR	0.027758427297014818	0	0
5	Choline metabolism in cancer	0.0017896179273712027	37.672348484848484	238.3059763541143	EGF,PIP5K1B	0.027758427297014818	0	0
6	Pancreatic secretion	0.001936634462582429	36.158181818181816	225.87306127473852	CFTR,SCTR	0.027758427297014818	0	0
7	Sphingolipid signaling pathway	0.0026233155335740072	30.87801087801088	183.5177850668224	GNAI2,MS4A2	0.032229305126766375	0	0
