Rank	Term name	P-value	Z-score	Combined score	Overlapping genes	Adjusted p-value	Old p-value	Old adjusted p-value
1	ESC J1 UP LATE.V1 UP	4.028621866331298e-05	5.997252747252747	60.68920586964904	AMOT,APP,COL4A2,CRYAB,GPC3,PCDH1,PTPN21,SLCO2A1,TGFBR3	0.006324936330140138	0	0
2	MEL18 DN.V1 UP	0.00021357984093162944	6.273434655988351	53.019931947378026	CHST2,EDN1,GFPT2,SLCO2A1,SLCO4A1,STC2,TGFBR3	0.016766017513132912	0	0
3	IL2 UP.V1 UP	0.0013440066728081265	4.532234673698088	29.967589212309512	ASPA,CLDN5,HEG1,LRRC6,PRKCD,SLCO4A1,TRMU	0.0461296441636926	0	0
4	CTIP DN.V1 DN	0.001354563675514829	5.304781144781145	35.03423820133653	ABI3BP,ANO1,EDN1,EPB41L3,GZMB,TTLL3	0.0461296441636926	0	0
5	LEF1 UP.V1 UP	0.0014690969478882993	4.459230669434354	29.088040525156327	ANO1,CHST2,FHL1,GZMB,LTBP2,STC2,ZFPM2	0.0461296441636926	0	0
