Rank	Term name	P-value	Z-score	Combined score	Overlapping genes	Adjusted p-value	Old p-value	Old adjusted p-value
1	MEK UP.V1 UP	5.740795097704202e-06	6.771436448855804	81.71710485597539	ABCC3,ASPH,BCAM,CCNJL,CEACAM6,CLDN4,GDF15,MAP3K9,NPC2,TMPRSS4	0.0009300088058280807	0	0
2	P53 DN.V1 UP	0.00022153826747696922	5.3485776507418	45.00782746931644	AGR2,ASS1,CDKN2A,CEACAM6,CLDN3,GRIK2,MSLN,SH3GLB1	0.017944599665634508	0	0
3	CRX DN.V1 DN	0.0008936284829010912	5.7732421875	40.52943278890186	CXCL13,FRMD6,HNF1A,LAD1,PLAT,TIMP1	0.044484198073762395	0	0
4	ERB2 UP.V1 UP	0.001098375261080553	4.701599671862182	32.036339205577036	ABCC3,ASPH,BCAM,CEACAM6,GDF15,MUC1,NPC2	0.044484198073762395	0	0
