Rank	Term name	P-value	Z-score	Combined score	Overlapping genes	Adjusted p-value	Old p-value	Old adjusted p-value
1	ECM-receptor interaction	9.459486872933392e-06	7.372728412081715	85.29135273612418	COL4A1,COL4A2,COL6A6,HSPG2,LAMA3,LAMA4,NPNT,TNXB,VWF	0.002052708651426546	0	0
2	Vascular smooth muscle contraction	4.592408187192203e-05	5.267054326172401	52.610082318295284	ACTG2,ADCY4,ADM,ADRA1A,AGTR1,EDN1,MYH10,MYLK,PPP1R14A,PRKG1	0.004982762883103541	0	0
3	Calcium signaling pathway	0.00010808846698391024	3.727446849262593	34.041133963598746	ADCY4,ADRA1A,ADRB2,AGTR1,CHRM1,EDNRB,FGF10,FGFR1,MCOLN3,MYLK,NOS2,NTRK3,TNNC1	0.007818399111836174	0	0
4	Relaxin signaling pathway	0.00019441103332662333	4.843564356435643	41.39085314880807	ADCY4,COL4A1,COL4A2,EDN1,EDNRB,FOS,GNG11,NOS2,RXFP1	0.010546798557969316	0	0
5	Focal adhesion	0.0003321993582577734	3.7502710264032175	30.038828207769605	CAV1,CAV2,COL4A1,COL4A2,COL6A6,LAMA3,LAMA4,MYLK,RAPGEF1,TNXB,VWF	0.014417452148387366	0	0
