Signature	CIS+AIS: Never-Ex	Primary: Never-Ex	CIS+AIS: Never-Current	Primary: Never-Current	Dysplasia: Ex-Current	AAH: Ex-Current	CIS+AIS: Ex-Current	Primary: Ex-Current
SBS1	0.05966909481861732	0.045259205055492524	0.530791788856305	0.21841990112678444	0.4	0.02857142857142857	0.12576560931291758	0.3413283842133201
SBS2	0.7439944567587427	0.4646162416160867	0.8330288937195214	0.6329837642315089	1.0	1.0	0.7737682523904285	0.43133749771555474
SBS4	0.4193449639369987	0.2726754777038418	0.38110475364383123	0.26157188943500265	1.0	1.0	0.6612124766883963	0.5475004187456288
SBS5	0.18623097281043932	0.3999152687441797	0.10372409424439683	0.6422792430401925	0.27650048008343264	1.0	0.17399903600748612	0.4596774121457019
SBS6	0.026620859536608595	0.03000523975327409	0.11326082839109766	0.07712944677504784	1.0	0.06891844428950203	0.053183570527302194	0.11819922509491806
SBS10b	0.059630566794513264	0.04952241695353414	0.3978071180315459	0.18743023350295562	0.4	0.02857142857142857	0.08526193124075765	0.2258195067337394
SBS13	0.7439944567587427	0.464655049974835	0.8330288937195214	0.6329837642315089	1.0	1.0	0.7737682523904285	0.4313471577930208
SBS87	0.07359972075385023	0.06918651938429583	0.27171941837019264	0.1685810533122265	0.4	0.183150203156622	0.8959342299442762	0.9392223873615859
