Signature	Dysplasia: NO-YES	CIS+AIS: NO-YES	Primary: NO-YES
ID83A	0.4	0.5868287254478335	0.5047018476421288
ID83B	0.6926327840419602	0.9667215017016728	0.8586702145198007
