Signature	Dysplasia: NO-YES	CIS+AIS: NO-YES	Primary: NO-YES
DBS2	1.0	0.4763920523995866	0.4441867002533456
DBS7	1.0	0.4340653461101599	0.7707916564371403
DBS78A	0.8	0.6765752208996219	0.2750246311311435
