Signature	Dysplasia: NO-YES	CIS+AIS: NO-YES	Primary: NO-YES
SBS1	0.8	0.34078680803618866	0.030308960309635934
SBS2	1.0	0.4488828320051784	0.9909803496874832
SBS4	1.0	0.05506742929698042	0.8785301946868314
SBS5	0.468159909854428	0.14263084655294822	0.9893823979203161
SBS6	0.468159909854428	0.5992367380001822	0.38868277314419886
SBS10b	0.8	0.6023865405573298	0.08504556789654823
SBS13	1.0	0.4488828320051784	0.9729461798660567
SBS87	0.8	0.07979839564359974	0.06697158100542387
