Signature	CIS+AIS: Never-Ex	Primary: Never-Ex	CIS+AIS: Never-Current	Primary: Never-Current	AAH: Ex-Current	CIS+AIS: Ex-Current	Primary: Ex-Current
ID83A	0.2857142857142857	0.24571564608615792	0.6666666666666666	1.0	0.38841158841158835	0.17980962973459258	0.4097695752681939
ID83B	0.2857142857142857	0.24571564608615792	0.6666666666666666	1.0	0.38841158841158835	0.17980962973459258	0.4097695752681939
