Signature	Dysplasia-AAH	Dysplasia-CIS+AIS	Dysplasia-Primary	AAH-CIS+AIS	AAH-Primary	CIS+AIS-Primary
SBS1	0.7241647241647241	0.6983099394499945	0.5741269330811207	0.8431432886053839	0.4382755339733502	0.283889264479284
SBS2	1.0	0.5220533612155327	0.4629800128063021	0.4126469106442161	0.34935306259881393	0.6281789281709469
SBS4	1.0	0.3378164059981327	0.1404136271676887	0.2236977172506357	0.06290769302014099	0.023906058867714273
SBS5	0.2987734011843952	0.25668491813980265	0.05028500648020349	0.0033237332030362538	0.00027708300599921823	0.05696627138032938
SBS10b	0.6216006216006216	0.5134397200726939	0.2968271204620335	0.4856878766943693	0.2438509938904322	0.24358112830006817
SBS13	1.0	0.5220533612155327	0.4966647617198273	0.4126469106442161	0.3853149780500623	0.8321862682369626
SBS87	1.0	0.8629109009532437	0.7650468091891098	0.848222345098772	0.6792861553053955	0.6850115150266388
