Signature	Dysplasia: NO-YES	CIS+AIS: NO-YES	Primary: NO-YES
SBS1	0.4	0.5972345985813639	0.090927369455753
SBS2	1.0	0.4488828320051784	0.9549256582254644
SBS4	1.0	0.07315545664438645	0.4941486301769088
SBS5	0.468159909854428	0.2513906737119628	0.12429701253082402
SBS6	0.468159909854428	0.2230236116371781	0.19601575624052536
SBS10b	0.8	0.9821873775527724	0.19195692896349092
SBS13	1.0	0.4488828320051784	0.9369281495433238
SBS87	0.4	0.04183877157040643	0.16692661856524793
