Signature	AAH-CIS+AIS	AAH-MIA	AAH-Primary	CIS+AIS-MIA	CIS+AIS-Primary	MIA-Primary
SBS1	0.28313087066234666	0.625	0.5268859996583498	0.2	0.32829545567790464	0.23512782232596108
SBS2	1.0	1.0	1.0	1.0	1.0	1.0
SBS4	0.20695896202019304	0.7503158528871919	0.32183035177428143	0.5562984612747348	0.7893935318788331	0.5801100924453357
SBS5	0.37840031080030445	0.4173666901370544	0.05997985676968471	0.2216119602090857	0.12895303866319874	0.17015216886668005
SBS6	1.0	0.2709124278028009	0.1671414371921347	0.2216119602090857	0.11194594271555618	0.3428832983967489
SBS10b	0.03688842570704982	1.0	0.021290964288283344	0.4	0.5188621495456062	0.40716838200826333
SBS13	1.0	1.0	1.0	1.0	1.0	1.0
SBS87	0.11944072588968714	0.8277631346049141	0.028813503967729474	0.16245549726860664	0.4400090624947882	0.20962422814141823
