Rank	Term name	P-value	Z-score	Combined score	Overlapping genes	Adjusted p-value	Old p-value	Old adjusted p-value
1	RPS14 DN.V1 UP	3.9003186792620413e-10	5.383928571428571	116.6416962366933	AIF1,ARHGAP25,ARHGEF3,BST1,CACNB4,CCL2,CD300A,CR1,EMP1,ENPP2,GDF15,HCK,HLA-DQB1,ITGAL,ITGB2,LPXN,LST1,MNDA,PTPRE,SEMA3D,SLC31A2,TFEC,TM6SF1,TRIM22	7.137583183049536e-08	0	0
2	ESC J1 UP LATE.V1 UP	5.952954446421499e-05	3.3914725274725273	32.99576449555962	APOB,APOC2,GADD45B,GKN2,HLA-DRB1,PDGFRA,PEG3,PODXL,PTH1R,RAMP2,SEL1L3,SHROOM3,SLCO2A1,TCN2,TFEC,TMPRSS2	0.005446953318475671	0	0
3	ERB2 UP.V1 UP	0.0006626543243870388	2.922462497564777	21.390254340245754	ABCG1,ACHE,CSGALNACT1,DUSP6,EDN1,GDF15,MUC1,NPC2,PDE4B,PLEKHB1,PTPRE,SERPINA1,SLC9A3R2,TPK1	0.031481545331390935	0	0
4	CSR LATE UP.V1 DN	0.00068812120942931	3.056728087588752	22.257704831411683	ACCS,ALPI,APOL3,BTBD19,CCL11,CCL2,DAAM2,MME,MRGPRF,SFTPB,SGIP1,TRIM22,VAMP5	0.031481545331390935	0	0
