Rank	Term name	P-value	Z-score	Combined score	Overlapping genes	Adjusted p-value	Old p-value	Old adjusted p-value
1	RB P107 DN.V1 UP	1.899255390387253e-05	3.478899529297192	37.82072944567633	BEX2,CCNE1,CCNF,CENPK,DNA2,FKBP10,GINS4,GMNN,MCM2,NAA40,PAQR4,POLD1,POLE2,RPA1,RPA3,RRM1,TCFL5,WDHD1	0.0034566448105048005	0	0
2	E2F1 UP.V1 UP	0.00011316660989324793	2.7904620670415667	25.355950470871154	AURKB,BUB1,CNOT7,DCTPP1,DLGAP5,DNA2,DNAJC21,ELAVL1,KIFC1,KLHL21,POLA2,RDH13,RRM1,SLC9A3R1,SSX2IP,TAF6,TLX2,TOP2A,TPD52,WDHD1	0.010298161500285561	0	0
3	VEGF A UP.V1 DN	0.00041971722555860587	2.570895469241835	19.991101524560243	ATP13A3,BUB1,CCDC86,CCNE1,CENPA,DLGAP5,EIF2S3,HMMR,MRPL19,NBN,NDC80,NUDT21,PHKA1,RIF1,SLC30A9,SMC4,SPAG5,TWF1,YES1	0.02546284501722209	0	0
4	GCNP SHH UP LATE.V1 UP	0.0005947194299823839	2.5664716471647164	19.062264920117276	ARIH1,AURKB,CDC25A,CDC25C,CDCA7,CLCN5,DLGAP5,IDH2,KIFC1,MYB,NAA30,POLA2,RRM1,SMC4,SSX2IP,TIMM8A,TM9SF3,TOP2A	0.027059734064198464	0	0
5	HOXA9 DN.V1 DN	0.0012446259540782939	2.3909632488672594	15.992962450984315	CDC6,COCH,GINS4,LSS,MEX3D,MSMO1,SHMT1,SLC1A5,SLC2A5,SLC38A1,SQLE,STAM,TBL1XR1,TEX15,TMEM106C,TMEM45A,TRIB3,ZIC1	0.045304384728449894	0	0
