Signature	AAH-CIS+AIS	AAH-MIA	AAH-Primary	CIS+AIS-MIA	CIS+AIS-Primary	MIA-Primary
DBS2	0.06697517344570778	0.669028074498903	0.29397021224925424	0.36917141633269157	0.38175041949514177	0.4759244093729009
DBS78A	0.2675664323985929	0.9134362498448697	0.4457156051140688	0.8601157321722541	0.6223291322100273	1.0
