Signature	Dysplasia-AAH	Dysplasia-CIS+AIS	Dysplasia-Primary	AAH-CIS+AIS	AAH-Primary	CIS+AIS-Primary
DBS2	1.0	0.042160244551095724	0.014348159127508947	0.010764921521340527	0.002179675873032299	0.048419307873507636
DBS78A	1.0	1.0	0.72535003319518	0.24343281424608643	0.6117773363636594	0.31951544038852875
