Signature	CIS+AIS: Never-Ex	Primary: Never-Ex	CIS+AIS: Never-Current	Primary: Never-Current	Dysplasia: Ex-Current	AAH: Ex-Current	CIS+AIS: Ex-Current	Primary: Ex-Current
SBS1	0.2562191070415687	0.9651162790697674	0.21077712609970678	0.8717086834733891	0.4	0.11428571428571428	0.8077805647009083	0.9479771254740335
SBS2	0.6028844523780396	0.5542514434570215	0.7050916556069899	0.6329837642315089	1.0	1.0	0.6867348672675582	0.7776082810076642
SBS4	0.548898844799117	0.22536460024200178	0.38110475364383123	0.29325740211708207	1.0	1.0	0.23294660923944654	0.9794039400718304
SBS5	0.030048155070873623	0.018574448807006944	0.12117312088149028	0.1694333447091192	0.4	0.026518721959430728	0.0534447341666745	0.18638300383262485
SBS10b	0.01059069195858043	0.021173030651541764	0.05605307582220433	0.0749522309572753	0.4	0.11428571428571428	0.31811515746752284	0.4107560051555075
SBS13	0.6028844523780396	0.6076364233337292	0.7050916556069899	0.6329837642315089	1.0	1.0	0.7048005770971986	0.9829130976018733
SBS87	0.02402608823899528	0.008957099328765676	0.08682428670096139	0.022792449974572866	0.6926327840419602	0.026518721959430728	0.25634638914551877	0.5150492854675824
