Signature	CIS+AIS: Never-Ex	Primary: Never-Ex	CIS+AIS: Never-Current	Primary: Never-Current	AAH: Ex-Current	CIS+AIS: Ex-Current	Primary: Ex-Current
DBS2	0.43638523105101057	0.26288726152283814	0.6666666666666666	0.6170750774519738	0.7650871933583798	0.8668447264305114	0.4540831912023021
DBS7	1.0	0.4892111290416604	1.0	0.7750969621959847	0.49624247444426295	1.0	0.3806087306386037
DBS78A	0.7990416848676246	0.6264962743469109	0.6666666666666666	1.0	0.34491565641202504	0.23767876802242727	0.16603448519700814
