Signature	Dysplasia-AAH	Dysplasia-CIS+AIS	Dysplasia-Primary	AAH-CIS+AIS	AAH-Primary	CIS+AIS-Primary
DBS2	1.0	0.07525942393991579	0.04628371029290382	0.025258762674410892	0.012322229959497043	0.15194185774841218
DBS7	0.2683816272927607	0.6590141940621537	0.5222342012624328	0.3354419482873222	0.38527411627070507	0.8284500087416826
DBS78A	0.6074191583640354	0.7132476230771667	0.800807862913169	1.0	0.7119008970296912	0.70241346925866
