Rank	Term name	P-value	Z-score	Combined score	Overlapping genes	Adjusted p-value	Old p-value	Old adjusted p-value
1	Systemic lupus erythematosus	0.0028555098034547407	29.857142857142858	174.9182173309343	H2AZ1,H2AC4	0.033052476816623585	0	0
2	Necroptosis	0.003933934400068571	25.262420382165605	139.906195173173	H2AZ1,H2AC4	0.033052476816623585	0	0
3	Alcoholism	0.0053401288138885325	21.526086956521738	112.63536847635238	H2AZ1,H2AC4	0.033052476816623585	0	0
4	Neutrophil extracellular trap formation	0.005508746136103931	21.17754010695187	110.15324345880153	H2AZ1,H2AC4	0.033052476816623585	0	0
