Rank	Term name	P-value	Z-score	Combined score	Overlapping genes	Adjusted p-value	Old p-value	Old adjusted p-value
1	PIGF UP.V1 DN	0.0032221107448657995	29.46279761904762	169.0492425948402	MCF2L,THY1	0.04267251902135288	0	0
2	HINATA NFKB MATRIX	0.004491844107510829	277.52777777777777	1500.1741678966396	FN1	0.04267251902135288	0	0
