Rank	Term name	P-value	Z-score	Combined score	Overlapping genes	Adjusted p-value	Old p-value	Old adjusted p-value
1	Hypertrophic cardiomyopathy	0.0027510681486443535	11.601987142022208	68.40260161476276	CACNG6,DES,TNNI3	0.04622989183563048	0	0
2	Dilated cardiomyopathy	0.0033021351311164626	10.850191361399672	61.98916149503554	CACNG6,DES,TNNI3	0.04622989183563048	0	0
