Rank	Term name	P-value	Z-score	Combined score	Overlapping genes	Adjusted p-value	Old p-value	Old adjusted p-value
1	L-lactate dehydrogenase activity (GO:0004459)	6.596944588909246e-05	265.93333333333334	2559.9590632869204	LDHB,LDHA	0.004544324707332632	0	0
2	lactate dehydrogenase activity (GO:0004457)	9.878966755070939e-05	199.44	1839.3388978037547	LDHB,LDHA	0.004544324707332632	0	0
3	cadherin binding (GO:0045296)	0.0014667516587803932	6.588026042016243	42.98492697848617	LAD1,LDHA,CDH3,ENO1,S100A11	0.04498038420259873	0	0
