Rank	Term name	P-value	Z-score	Combined score	Overlapping genes	Adjusted p-value	Old p-value	Old adjusted p-value
1	5'-nucleotidase activity (GO:0008253)	8.446966360572695e-05	44.04212860310421	413.0763254841807	NT5C,NT5DC1,NT5DC2	0.012296702043171452	0	0
2	nucleotidase activity (GO:0008252)	0.0001287612779389681	37.26266416510319	333.7821932889029	NT5C,NT5DC1,NT5DC2	0.012296702043171452	0	0
