Rank	Term name	P-value	Z-score	Combined score	Overlapping genes	Adjusted p-value	Old p-value	Old adjusted p-value
1	NFE2L2.V2	1.0481460950842336e-06	3.762402452619844	51.80259143261482	CBR1,SREBF1,CSTA,ABCB6,UGT1A1,CYP4F3,MGST1,HJURP,OSGIN1,NDUFC2,PGD,TPD52L1,TSKU,UGDH,PANX2,NT5DC1,TRIM29,NRCAM,TMEM18,UGT1A9,PFN2	0.0001708478134987301	0	0
2	KRAS.LUNG UP.V1 DN	0.0005550966437088934	4.6355979786636725	34.75014986195876	TGM1,RYR1,KRT16,IGFBP2,RHCG,CXCL14,KLK8,KLK11	0.040143747704833956	0	0
3	E2F1 UP.V1 UP	0.0007388419822975575	3.9766260162601625	28.673169553634658	TPD52,TOP2A,DNAJC21,HMGB3,GRSF1,TYMS,NCAPH,KPNA1,EZH2	0.040143747704833956	0	0
