Rank	Term name	P-value	Z-score	Combined score	Overlapping genes	Adjusted p-value	Old p-value	Old adjusted p-value
1	cadherin binding (GO:0045296)	7.156657214699993e-06	2.866816816816817	33.96451922469726	LAD1,NOTCH3,NDRG1,CDH8,LIMA1,RPL7A,DNAJB1,LDHA,CDH3,PUF60,PRDX1,CCT8,YKT6,S100A11,JUP,SCRIB,RANGAP1,YWHAZ,KTN1,ANLN,DLG1,KRT18,PKM,FSCN1,ALDOA,HSPA1A	0.004029198011876096	0	0
2	oxidoreductase activity, acting on NAD(P)H, quinone or similar compound as acceptor (GO:0016655)	8.642616341281547e-05	14.534953495349535	135.99222420151412	NQO1,CBR1,AKR1C1,AKR1C3,AKR1C2	0.0224016762435115	0	0
3	alcohol dehydrogenase (NADP+) activity (GO:0008106)	0.00011936950040947514	13.323019801980198	120.35065931429463	ALDH3A1,AKR1C1,AKR1E2,AKR1C3,AKR1C2	0.0224016762435115	0	0
4	UDP-glycosyltransferase activity (GO:0008194)	0.00023791444059872917	4.342986913702388	36.23614319068672	UGT8,UGT1A1,MGAT4B,HAS3,GCNT3,B4GALNT1,UGT1A3,B4GALNT3,LARGE2,UGT1A7	0.024472153400567347	0	0
5	alditol:NADP+ 1-oxidoreductase activity (GO:0004032)	0.00023982282615793313	18.246175570722524	152.09300595001156	AKR1C1,AKR1E2,AKR1C3,AKR1C2	0.024472153400567347	0	0
6	ketosteroid monooxygenase activity (GO:0047086)	0.00027097450742445174	47.8297697368421	392.8491350316911	AKR1C1,AKR1C3,AKR1C2	0.024472153400567347	0	0
7	monocarboxylic acid binding (GO:0033293)	0.0003042718895274803	7.681586776859504	62.20233168676083	UGT1A1,AKR1C1,AKR1C3,AKR1C2,UGT1A3,UGT1A7	0.024472153400567347	0	0
