Rank	Term name	P-value	Z-score	Combined score	Overlapping genes	Adjusted p-value	Old p-value	Old adjusted p-value
1	NFE2L2.V2	5.1923027098620966e-14	3.665310439352896	112.11823242098494	ARHGAP8,HJURP,IDE,SLC7A11,TSKU,PANX2,UCHL1,PHGDH,CBR1,GPX2,G6PD,ABCC2,UGT1A1,IGFBP3,TALDO1,PTGR1,UGDH,ALDH3A1,NEIL3,MTHFD2,PPIF,TKT,PFN2,CPLX2,LRP8,NT5DC1,CDC45,PTPRZ1,STC2,GPC1,SPP1,UGT1A5,GCNT3,UGT1A3,B4GALNT1,UGT1A9,UGT1A7,CBR3,NQO1,RRM2,TXNRD1,AKR1C1,CYP4F3,GSR,OSGIN1,CYP4F11,TPD52L1,EIF2S2,STXBP5L,FERMT1,GCLC,TMEM237,PNPLA4,RPL22L1	9.553836986146258e-12	0	0
2	CSR LATE UP.V1 UP	9.083733221332905e-09	4.559352303845696	84.4245262022772	FEN1,DTYMK,RRM2,UBE2C,UHRF1,IGFBP3,MAZ,FANCA,IMP4,NETO2,FOXM1,ZWINT,ANLN,KRT18,FABP5,PSMD2,NUF2,CDK1,PBK,PGM2,BIRC5,ITGA6,UMPS,EZH2	8.357034563626272e-07	0	0
3	RB DN.V1 DN	9.287139075462216e-06	4.0501385407045785	46.92846929501463	LAMB3,BNC1,IGFBP3,KRT8,NKAP,NDRG1,HS3ST1,DUSP14,SLC7A5,DDIT3,STC2,ADAM12,RPS2,S1PR5,CTSC,CDC42SE2	0.0005696111966283493	0	0
4	GCNP SHH UP LATE.V1 DN	2.1016427524128194e-05	3.2916176230918275	35.45140041044787	GRB7,DLX5,PUS1,NDUFA10,SLC2A1,LSR,KLK8,RHD,VSNL1,WNK2,GJB6,ESRP1,UBE2V2,PPFIA4,S100A11,BCL2L2,MDFI,KPNA1,CD276	0.0009667556661098969	0	0
5	E2F1 UP.V1 UP	0.00039361722655534547	2.7471859789075177	21.538299678728468	TPD52,PLK4,DLX1,SLBP,FEN1,ARHGAP8,HMGB3,TYMS,NCAPH,PRC1,UBE2T,TYRO3,MCM4,GRSF1,THOP1,KPNA1,EZH2	0.014365560193503542	0	0
6	MEL18 DN.V1 UP	0.00046844218022294156	3.057898515218159	23.442149320429618	CA12,HS3ST3A1,JAG1,LAMB3,DDX11,FZD6,SLC7A11,PTHLH,SLC7A5,STC2,COL7A1,ADAM12,TYRO3,SPP1	0.014365560193503542	0	0
7	RB P107 DN.V1 UP	0.001374534228369585	2.8353739019616766	18.684094266752798	SLBP,FKBP10,FEN1,RRM2,PAQR4,FANCA,NCAPH,COL1A1,CDC45,PRC1,RPA3,CENPK,TCFL5	0.03613061400285766	0	0
