Rank	Term name	P-value	Z-score	Combined score	Overlapping genes	Adjusted p-value	Old p-value	Old adjusted p-value
1	CYCLIN D1 KE .V1 UP	0.028231326256091066	52.402116402116405	186.93527810000694	GNAI2	0.029702286492555446	0	0
2	PIGF UP.V1 UP	0.028378489124853832	52.123684210526314	185.67101846704094	THSD7A	0.029702286492555446	0	0
3	ERB2 UP.V1 UP	0.028378489124853832	52.123684210526314	185.67101846704094	GNAI2	0.029702286492555446	0	0
4	PRC2 EDD UP.V1 UP	0.02867277029258455	51.575520833333336	183.18631536211723	GNAI2	0.029702286492555446	0	0
5	CAMP UP.V1 DN	0.029702286492555446	49.743718592964825	174.92534091617622	THSD7A	0.029702286492555446	0	0
