Rank	Term name	P-value	Z-score	Combined score	Overlapping genes	Adjusted p-value	Old p-value	Old adjusted p-value
1	RNA binding (GO:0003723)	1.203331179333422e-06	2.399626650496115	32.70791156498633	RPL4,TOP2A,HMGB3,MRPL15,MSI2,DDX41,RPF2,RAD51AP1,YY1,MRPL3,MRPL42,C1QBP,DNAJC21,SUMO2,POLR2D,SAP18,RPL37,KPNA2,RBM34,RAE1,NELFE,EIF5B,PNPT1,MRPS24,NIFK,XRCC5,CDKN2A,MRPS23,CCDC59,PDAP1,SMC1A,U2SURP,CHERP,NUDT21,DKC1,CLNS1A,ESRP1,TCP1,FSCN1,RPL22L1,PABPC1,GRSF1,RAN,APOBEC3B	0.0004331992245600319	0	0
2	monocarboxylic acid binding (GO:0033293)	7.849783258103309e-05	13.234938138784292	125.10245262530323	UGT1A1,AKR1C3,UGT1A3,UGT1A9,UGT1A7	0.014129609864585956	0	0
3	retinoid binding (GO:0005501)	0.00012404875130801632	11.863998070894622	106.71471593069984	UGT1A1,UGT1A3,ADH7,UGT1A9,UGT1A7	0.014885850156961958	0	0
4	retinoic acid binding (GO:0001972)	0.00026113074584965015	15.246612466124661	125.79201353319863	UGT1A1,UGT1A3,UGT1A9,UGT1A7	0.020010623956300287	0	0
5	oxidoreductase activity, acting on the CH-OH group of donors, NAD or NADP as acceptor (GO:0016616)	0.00027792533272639287	6.047667253521126	49.51925541247125	CBR1,UGDH,G6PD,RDH10,AKR1C3,PGD,ADH7	0.020010623956300287	0	0
6	protein homodimerization activity (GO:0042803)	0.0004385073315761228	2.4147786811201444	18.671392407045445	GSTM4,TOP2A,TPD52,GSTM2,G6PD,GSTM1,UGT1A1,CIP2A,GRHL1,KNSTRN,GGCT,NADK2,NUDT21,ATIC,STC2,STUB1,UGT1A3,TKT,UGT1A9,FGFR2,UGT1A7	0.02631043989456737	0	0
7	glutathione transferase activity (GO:0004364)	0.000591663992443133	11.92910165126496	88.66390291669879	GSTM4,GSTM2,GSTM1,MGST1	0.030428433897075412	0	0
8	glucuronosyltransferase activity (GO:0015020)	0.0010134246994826176	10.159762550006452	70.04566902614974	UGT1A1,UGT1A3,UGT1A9,UGT1A7	0.04560411147671779	0	0
