Rank	Term name	P-value	Z-score	Combined score	Overlapping genes	Adjusted p-value	Old p-value	Old adjusted p-value
1	MHC class II receptor activity (GO:0032395)	2.2441740424589757e-08	102.04123711340206	1797.185288621508	HLA-DQA1,HLA-DQB2,HLA-DRB1,HLA-DPA1,HLA-DQB1	6.081711655063824e-06	0	0
2	vascular endothelial growth factor-activated receptor activity (GO:0005021)	3.29759098151139e-05	75.75382653061224	781.7592838780939	NRP1,PDGFRA,NRP2	0.004468235779947934	0	0
3	metal ion binding (GO:0046872)	0.00021818684778492322	3.1340399272475317	26.420454154224064	LTBP4,FBLN1,IRAK3,SEPTIN4,AIF1,THBS1,SELP,RAP2A,CLEC3B,SCUBE1,RGN,CAPN3,SLIT3,SLIT2,FBP1	0.01970954524990473	0	0
