Rank	Term name	P-value	Z-score	Combined score	Overlapping genes	Adjusted p-value	Old p-value	Old adjusted p-value
1	ESC V6.5 UP EARLY.V1 DN	0.00011012717306385703	7.026381461675579	64.0375605256022	ESRRA,APP,CIZ1,TNFRSF12A,PLAU,TNC,FHL2	0.014646914017492985	0	0
2	P53 DN.V1 UP	0.00023146932362119718	6.192827933312363	51.84055404480862	SUN1,IFI27,AUTS2,PTK7,PLAU,FHL2,SPINT2	0.015392710020809613	0	0
