Rank	Term name	P-value	Z-score	Combined score	Overlapping genes	Adjusted p-value	Old p-value	Old adjusted p-value
1	E2F1 UP.V1 DN	0.0008427378909101593	4.931863799283154	34.911946606486026	NOTCH2,C3,FER,ALDH1A1,CIRBP,TCF4,ANKHD1	0.041193874897402526	0	0
2	MTOR UP.N4.V1 DN	0.0008427378909101593	4.931863799283154	34.911946606486026	ADORA2A,DMXL1,REL,HBP1,CLK4,ANKRD36B,TNRC6B	0.041193874897402526	0	0
3	CAMP UP.V1 DN	0.001037419183970233	4.751295336787565	32.64624150228657	RERE,ATP8A1,DST,RALGAPA1,EPB41L3,FRY,ETS2	0.041193874897402526	0	0
4	P53 DN.V2 UP	0.001120921765915715	5.5128252961477475	37.45195158009283	PRKCE,INPP5D,FPR3,IKZF1,APOL3,FOSL2	0.041193874897402526	0	0
