Rank	Term name	P-value	Z-score	Combined score	Overlapping genes	Adjusted p-value	Old p-value	Old adjusted p-value
1	LTE2 UP.V1 UP	0.028231326256091066	52.402116402116405	186.93527810000694	NPC2	0.029114080636196794	0	0
2	ERB2 UP.V1 UP	0.028378489124853832	52.123684210526314	185.67101846704094	NPC2	0.029114080636196794	0	0
3	RPS14 DN.V1 UP	0.028525637136025263	51.84816753926702	184.42144568410632	CEACAM8	0.029114080636196794	0	0
4	MEK UP.V1 UP	0.029114080636196794	50.774358974358975	179.56521389723363	NPC2	0.029114080636196794	0	0
5	RAF UP.V1 UP	0.029114080636196794	50.774358974358975	179.56521389723363	NPC2	0.029114080636196794	0	0
