Rank	Term name	P-value	Z-score	Combined score	Overlapping genes	Adjusted p-value	Old p-value	Old adjusted p-value
1	NFE2L2.V2	2.147837537642804e-12	4.663815963014897	125.30068942364372	TSKU,UCHL1,PTPRZ1,TRIM29,STC2,GPC1,SPP1,UGT1A5,PHGDH,UGT1A3,UGT1A7,CBR3,UGT1A6,NQO1,CBR1,G6PD,GPX2,RRM2,AKR1C1,IGFBP3,GSR,TALDO1,PTGR1,CYP4F11,TPD52L1,UGDH,ALDH3A1,GCLC,MTHFD2,TMEM237,PPIF,PNPLA4,RPL22L1,PPIA,PFN2	3.7157589401220504e-10	0	0
2	CSR LATE UP.V1 UP	5.075634600122703e-07	5.427475812891125	78.66390273635238	FEN1,DTYMK,RRM2,UBE2C,IGFBP3,FANCA,IMP4,NETO2,FOXM1,PSMD2,PBK,BIRC5,ITGA6,FAM83D,UMPS	4.390423929106138e-05	0	0
3	GCNP SHH UP LATE.V1 DN	2.2768511912295146e-05	4.394254968324221	46.97516579813832	DLX5,PUS1,SLC2A1,LSR,KLK8,WNK2,GJB6,ESRP1,UBE2V2,S100A11,BCL2L2,MDFI,CD276	0.0013129841869423534	0	0
4	MEK UP.V1 UP	5.5335874318143964e-05	4.006763285024155	39.274650874343735	EGLN3,GPX2,ST6GALNAC2,ITGB4,TMPRSS4,AKR1C2,NME4,ENO2,BMP7,ALDH3A1,CLDN4,TRIM29,PACSIN3	0.0023932765642597264	0	0
5	RB DN.V1 DN	9.12572514086206e-05	4.836999603646452	44.99293883853374	SLC7A5,LAMB3,IGFBP3,STC2,ADAM12,LRRC4,RPS2,NDRG1,CTSC,DUSP14	0.003157500898738273	0	0
6	MEL18 DN.V1 UP	0.00023098926358223952	4.279854347635343	35.83581674996985	CA12,SLC7A5,JAG1,LAMB3,DDX11,STC2,ADAM12,FZD6,SPP1,PTHLH	0.006660190433287906	0	0
7	RB P107 DN.V1 UP	0.0009567836355944596	3.840832039195958	26.701208069189516	COL1A1,SLBP,FKBP10,FEN1,RRM2,PAQR4,PRC1,FANCA,NCAPH	0.023646224136834502	0	0
