Rank	Term name	P-value	Z-score	Combined score	Overlapping genes	Adjusted p-value	Old p-value	Old adjusted p-value
1	CSR EARLY UP.V1 DN	0.007699913043023117	19846.0	96581.47674453472	LRRK2	0.014599875624245811	0	0
2	STK33 SKM DN	0.014399876526185356	19712.0	83589.43867380997	LRRK2	0.014599875624245811	0	0
3	STK33 DN	0.01444987630005777	19711.0	83516.87543637157	LRRK2	0.014599875624245811	0	0
4	STK33 NOMO DN	0.014599875624245811	19708.0	83300.63664122422	LRRK2	0.014599875624245811	0	0
