Rank	Term name	P-value	Z-score	Combined score	Overlapping genes	Adjusted p-value	Old p-value	Old adjusted p-value
1	DNA replication	1.2512241597040744e-06	9.071618037135279	123.29588196486634	RNASEH2A,RNASEH1,RFC4,RFC2,RPA3,POLD2,MCM3,MCM5,DNA2,MCM2	0.000370362351272406	0	0
2	Drug metabolism	8.483071637903302e-06	4.118243607724674	48.09053420164432	GSTM4,GSTM3,GSTM2,GSTM1,MGST1,FMO1,CYP2C19,ADH7,ADH4,CYP2C9,UCK2,NAT1,UGT2A1,UMPS,UGT1A9,UGT1A6	0.000989361653518916	0	0
3	Fanconi anemia pathway	1.002731405593496e-05	6.035758323057953	69.47277206809892	FANCI,RMI2,BLM,RAD51,FANCD2,RPA3,FAAP24,PMS2,BRCA1,PALB2,FANCG	0.000989361653518916	0	0
4	Metabolism of xenobiotics by cytochrome P450	0.0002637912138661326	3.988295551550792	32.86496171461654	GSTM4,ADH4,GSTM3,CYP2C9,GSTM2,GSTM1,MGST1,UGT2A1,ADH7,UGT1A9,UGT1A6	0.01952054982609381	0	0
5	Glutathione metabolism	0.0004897848164107004	4.41190036900369	33.62549461028334	GSTM4,GGCT,GSTM3,G6PD,GSTM2,GSTM1,MGST1,TXNDC12,PGD	0.028995261131513465	0	0
