Rank	Term name	P-value	Z-score	Combined score	Overlapping genes	Adjusted p-value	Old p-value	Old adjusted p-value
1	Nicotine addiction	0.001999963168059245	19960.0	124043.94523066044	GABRP	0.007583228178672015	0	0
2	GABAergic synapse	0.004449937783809842	19911.0	107815.380281759	GABRP	0.007583228178672015	0	0
3	Morphine addiction	0.0045499369072032085	19909.0	107362.10783923086	GABRP	0.007583228178672015	0	0
4	Retrograde endocannabinoid signaling	0.007399915061391008	19852.0	97399.60470052566	GABRP	0.00924989382673876	0	0
5	Neuroactive ligand-receptor interaction	0.0170498652201941	19659.0	80043.83957888828	GABRP	0.0170498652201941	0	0
