Rank	Term name	P-value	Z-score	Combined score	Overlapping genes	Adjusted p-value	Old p-value	Old adjusted p-value
1	KRAS.300 UP.V1 UP	0.0007787727931196428	68.92361111111111	493.3408184230334	ANO1,CALB1	0.017911774241751784	0	0
2	KRAS.600 UP.V1 UP	0.0029630496526749477	34.57719298245614	201.292382473059	ANO1,CALB1	0.022872504553833314	0	0
3	KRAS.600.LUNG.BREAST UP.V1 UP	0.0029833701591956497	34.45454545454545	200.3429037370002	ANO1,CALB1	0.022872504553833314	0	0
