Rank	Term name	P-value	Z-score	Combined score	Overlapping genes	Adjusted p-value	Old p-value	Old adjusted p-value
1	MEK UP.V1 UP	0.00013378999581851848	4.575502571294997	40.81000181458908	ABCC3,BCAM,CLDN4,ASPH,CEACAM6,GDF15,NPC2,TMPRSS4,MAP3K9,AQP3	0.018280007993662285	0	0
2	CRX DN.V1 DN	0.00021761914278169386	5.373289545703339	45.3116830429445	LAD1,STEAP4,FRMD6,PYCR1,PLAT,HNF1A,TIMP1,CXCL13	0.018280007993662285	0	0
3	ERB2 UP.V1 UP	0.0005165262349609924	4.191094619666048	31.719815460974598	GAMT,ABCC3,BCAM,MUC1,ASPH,NPC2,CEACAM6,GDF15,AQP3	0.02427402284198256	0	0
4	P53 DN.V1 UP	0.0005779529248091086	4.122499122499122	30.73742822949319	CLDN3,AUTS2,CEACAM6,CDKN2A,AGR2,GRIK2,MSLN,EGFR,ASS1	0.02427402284198256	0	0
