Rank	Term name	P-value	Z-score	Combined score	Overlapping genes	Adjusted p-value	Old p-value	Old adjusted p-value
1	retinal dehydrogenase activity (GO:0001758)	0.002797015027105056	475.85714285714283	2797.6605002155425	ALDH8A1	0.022684986656087553	0	0
2	calcium channel inhibitor activity (GO:0019855)	0.00384417200458596	333.05	1852.1566750462314	TNNI3	0.022684986656087553	0	0
3	oxidoreductase activity, acting on single donors with incorporation of molecular oxygen, incorporation of two atoms of oxygen (GO:0016702)	0.006283877774032595	195.84313725490196	992.8792720611536	HPD	0.022684986656087553	0	0
4	oxidoreductase activity, acting on the aldehyde or oxo group of donors, NAD or NADP as acceptor (GO:0016620)	0.006979995894180786	175.21052631578948	869.8689177892479	ALDH8A1	0.022684986656087553	0	0
5	calcium channel regulator activity (GO:0005246)	0.012880151107249067	92.39351851851852	402.10285931653846	TNNI3	0.02790699406570631	0	0
6	ion channel inhibitor activity (GO:0008200)	0.012880151107249067	92.39351851851852	402.10285931653846	TNNI3	0.02790699406570631	0	0
