Rank	Term name	P-value	Z-score	Combined score	Overlapping genes	Adjusted p-value	Old p-value	Old adjusted p-value
1	ERB2 UP.V1 UP	0.00015878862568972061	16.92748663101604	148.08058049473962	ABCC3,BCAM,MUC1,LMO3	0.004646610907201775	0	0
2	MEK UP.V1 UP	0.0001753438078189349	16.4825	142.55321793873645	ABCC3,BCAM,CLDN4,MICAL2	0.004646610907201775	0	0
