Rank	Term name	P-value	Z-score	Combined score	Overlapping genes	Adjusted p-value	Old p-value	Old adjusted p-value
1	GABA-A receptor activity (GO:0004890)	0.00094997806231055	19981.0	139049.2109571672	GABRP	0.002199951314824704	0	0
2	GABA receptor activity (GO:0016917)	0.001099975657412352	19978.0	136099.47030191717	GABRP	0.002199951314824704	0	0
3	chloride channel activity (GO:0005254)	0.003199949645554796	19936.0	114524.7484081637	GABRP	0.0033999476216189342	0	0
4	anion channel activity (GO:0005253)	0.0033999476216189342	19932.0	113293.39338050145	GABRP	0.0033999476216189342	0	0
