Rank	Term name	P-value	Z-score	Combined score	Overlapping genes	Adjusted p-value	Old p-value	Old adjusted p-value
1	calcium ion binding (GO:0005509)	6.757420127525041e-05	3.194033475485958	30.670017449651322	ANXA8L1,TNNC1,LPL,FBLN1,EML1,RASGRP1,AIF1L,CDH5,CLEC3B,SNTN,SCUBE1,CDH23,CDH13,SLIT3,SLIT2,ADGRL3,CDH19	0.02103001555728076	0	0
2	GTPase activator activity (GO:0005096)	0.00014783401753528183	3.1012820512820514	27.351510241007873	DENND1B,STARD13,DOCK4,RIC1,TBC1D2B,ARRB1,KALRN,RASGRP1,DOCK11,FGD5,RASGEF1B,ALDH1A1,ELMO1,DENND6A,RGS6,GARNL3	0.02103001555728076	0	0
3	guanyl-nucleotide exchange factor activity (GO:0005085)	0.00017923308713591556	4.419030813085381	38.12219858463882	DOCK11,DENND1B,DOCK4,FGD5,RIC1,RASGEF1B,ELMO1,DENND6A,RASGRP1,KALRN	0.02103001555728076	0	0
4	semaphorin receptor binding (GO:0030215)	0.0004915293758381061	12.769980506822613	97.28156914679319	SEMA5A,SEMA6A,SEMA3D,SEMA3A	0.040144584090581054	0	0
5	filamin binding (GO:0031005)	0.0006540252599927871	22.689230769230768	166.3657121171417	TMEM67,SYNPO2,CRMP1	0.040144584090581054	0	0
6	chemorepellent activity (GO:0045499)	0.0006842826833621771	11.552616108171664	84.1855245457638	SEMA5A,SEMA6A,SEMA3D,SEMA3A	0.040144584090581054	0	0
7	cadherin binding (GO:0045296)	0.0009274119295135472	2.803126809496236	19.57455048671652	MACF1,AHNAK,TJP1,CDH5,PPFIBP1,PTPRB,CDH23,CDH13,STXBP6,SPTAN1,PHLDB2,SPTBN1,VCL,CDH19	0.04663557131268123	0	0
