Rank	Term name	P-value	Z-score	Combined score	Overlapping genes	Adjusted p-value	Old p-value	Old adjusted p-value
1	single-stranded DNA binding (GO:0003697)	4.134084525187372e-05	3.986192293928188	40.23526794594153	BLM,RTF1,RAD51AP1,NEIL3,RAD51,RPA3,DHX36,POLR2D,MCM3,PMS2,MCM5,POLR2H,HNRNPA1,MCM2	0.025976615176868587	0	0
2	single-stranded DNA helicase activity (GO:0017116)	8.105028136308452e-05	10.839932126696832	102.1169392908778	RFC4,RAD51,RFC2,MCM5,DNA2,MCM2	0.025976615176868587	0	0
