Rank	Term name	P-value	Z-score	Combined score	Overlapping genes	Adjusted p-value	Old p-value	Old adjusted p-value
1	ubiquitin binding (GO:0043130)	0.007386408760540924	272.94520547945206	1339.6460809286089	VPS36	0.011268248846628123	0	0
2	thiol-dependent deubiquitinase (GO:0004843)	0.010572067959447366	189.45714285714286	861.9428220557891	BAP1	0.011268248846628123	0	0
3	deubiquitinase activity (GO:0101005)	0.011168809427044516	179.16216216216216	805.2676751854874	BAP1	0.011268248846628123	0	0
4	omega peptidase activity (GO:0008242)	0.011268248846628123	177.55357142857142	796.4638351215978	BAP1	0.011268248846628123	0	0
