Rank	Term name	P-value	Z-score	Combined score	Overlapping genes	Adjusted p-value	Old p-value	Old adjusted p-value
1	Thyroid cancer	0.0036966143279881405	554.5	3105.387379264037	TPM3	0.01436564861449107	0	0
2	Cardiac muscle contraction	0.008681199859623557	231.53488372093022	1099.0024434576706	TPM3	0.01436564861449107	0	0
3	Hypertrophic cardiomyopathy	0.008979877899886598	223.69662921348313	1054.230538142455	TPM3	0.01436564861449107	0	0
4	Dilated cardiomyopathy	0.00957709907632738	209.50526315789475	973.8601889737107	TPM3	0.01436564861449107	0	0
5	Adrenergic signaling in cardiomyocytes	0.014943993992490443	133.21476510067114	559.9610447934188	TPM3	0.01793279279098853	0	0
