Rank	Term name	P-value	Z-score	Combined score	Overlapping genes	Adjusted p-value	Old p-value	Old adjusted p-value
1	NAD-retinol dehydrogenase activity (GO:0004745)	0.0009790903375910178	49.897371714643306	345.73323246011313	ADH1C,DHRS3	0.03616055311412257	0	0
2	oxidoreductase activity, acting on the CH-OH group of donors, NAD or NADP as acceptor (GO:0016616)	0.0012676349731383686	15.424689440993788	102.89196948635076	HIBADH,ADH1C,DHRS3	0.03616055311412257	0	0
3	semaphorin receptor binding (GO:0030215)	0.0014395683109597462	40.38500506585613	264.25572654159276	SEMA4A,SEMA4D	0.03616055311412257	0	0
4	chemorepellent activity (GO:0045499)	0.0017016730877234152	36.869565217391305	235.0856328071935	SEMA4A,SEMA4D	0.03616055311412257	0	0
