Rank	Term name	P-value	Z-score	Combined score	Overlapping genes	Adjusted p-value	Old p-value	Old adjusted p-value
1	Malaria	1.07287447670584e-05	33.928388746803066	388.2284379371055	CSF3,IL6,HBA2,ACKR1	0.0011050607110070151	0	0
2	IL-17 signaling pathway	0.00012989240724720644	17.302832244008716	154.83965589751529	IL6,CSF3,FOSB,FOS	0.006689458973231132	0	0
