Rank	Term name	P-value	Z-score	Combined score	Overlapping genes	Adjusted p-value	Old p-value	Old adjusted p-value
1	MHC class II receptor activity (GO:0032395)	1.0487799511575824e-08	119.42168674698796	2194.1410046303226	HLA-DOA,HLA-DQA1,HLA-DRB1,HLA-DPA1,HLA-DQB1	3.030974058845413e-06	0	0
2	kinase inhibitor activity (GO:0019210)	0.00017395137269542876	16.35349989675821	141.56791108692784	GMFB,SH3BP5,MBIP,TRIB1	0.025135973354489458	0	0
3	protein kinase inhibitor activity (GO:0004860)	0.000490877285036827	12.154153231997544	92.60633892772618	GMFB,SH3BP5,MBIP,TRIB1	0.04728784512521433	0	0
