Rank	Term name	P-value	Z-score	Combined score	Overlapping genes	Adjusted p-value	Old p-value	Old adjusted p-value
1	MHC class II receptor activity (GO:0032395)	8.767303151741748e-09	78.8887399463807	1463.5625674729336	HLA-DOA,HLA-DQA1,HLA-DQB2,HLA-DRB1,HLA-DPA1,HLA-DQB1	3.936519115132045e-06	0	0
2	calcium ion binding (GO:0005509)	1.2019142904962887e-05	3.276887016781031	37.12388557600754	MCTP1,TNNC1,LTBP4,LPL,SYT15,FBLN1,AIF1,THBS1,SLC8A1,TTN,SELP,CDH5,CLEC3B,SCUBE1,RGN,ENPP2,CAPN3,SLIT3,SLIT2,TGM2	0.002698297582164168	0	0
3	metal ion binding (GO:0046872)	1.9924025497321032e-05	2.7457684534472464	29.71905616772683	MCTP1,LRRK2,LTBP4,LPL,FBLN1,AIF1,THBS1,SLC8A1,TTN,CDH5,CLEC3B,SCUBE1,ENPP2,CAPN3,SLIT3,SLIT2,TGM2,TNNC1,SYT15,IRAK3,SEPTIN4,SELP,RAP2A,RGN,FBP1	0.0029819624827657145	0	0
4	transforming growth factor beta binding (GO:0050431)	7.516717972933015e-05	13.792569659442725	130.97142589911167	ACVRL1,LTBP4,CD36,THBS1,ENG	0.0067500127396938475	0	0
5	lipoprotein particle binding (GO:0071813)	7.516717972933015e-05	13.792569659442725	130.97142589911167	MSR1,APOA2,LPL,CD36,THBS1	0.0067500127396938475	0	0
6	MHC class II protein complex binding (GO:0023026)	0.0002484256242701081	16.088615384615384	133.54141311412246	CD74,HLA-DMA,HLA-DOA,HLA-DRB1	0.01859051754954642	0	0
7	exopeptidase activity (GO:0008238)	0.00048190867314995713	6.699218527180423	51.16699607694763	CPM,ACE,MME,DPEP2,CTSH,LTA4H	0.030910999177761533	0	0
