Rank	Term name	P-value	Z-score	Combined score	Overlapping genes	Adjusted p-value	Old p-value	Old adjusted p-value
1	KRAS.LUNG.BREAST UP.V1 DN	0.00010121191534164633	41.92605633802817	385.6481952882449	RYR1,KRT4,RARRES2	0.005566655343790548	0	0
2	KRAS.50 UP.V1 UP	0.0004325706228682951	78.81818181818181	610.5071105483304	RBP4,CALB1	0.011895692128878116	0	0
3	KRAS.600.LUNG.BREAST UP.V1 DN	0.0007670280844638341	20.665384615384614	148.2325381157183	RYR1,KRT4,RARRES2	0.014062181548503624	0	0
4	CRX DN.V1 DN	0.0033112493157886305	27.348484848484848	156.171600785435	RBP4,TIMP1	0.03076891919055179	0	0
5	KRAS.LUNG UP.V1 DN	0.0038638146103098714	25.23076923076923	140.18468556413987	RYR1,KRT4	0.03076891919055179	0	0
6	KRAS.LUNG.BREAST UP.V1 UP	0.0038638146103098714	25.23076923076923	140.18468556413987	RBP4,CALB1	0.03076891919055179	0	0
7	KRAS.300 UP.V1 UP	0.003916044260615682	25.05429292929293	138.86775926373736	RBP4,CALB1	0.03076891919055179	0	0
8	ESC J1 UP LATE.V1 UP	0.0066032495703320475	19.045695045695044	95.61307241401744	RBP4,HLA-DRB1	0.041588475094961504	0	0
9	P53 DN.V1 UP	0.006805386833720973	18.745265151515152	93.53963789377018	CALB1,LPCAT4	0.041588475094961504	0	0
