Rank	Term name	P-value	Z-score	Combined score	Overlapping genes	Adjusted p-value	Old p-value	Old adjusted p-value
1	transforming growth factor beta binding (GO:0050431)	4.925903167467782e-07	25.985507246376812	377.40280144839437	ACVRL1,TGFBR3,HYAL2,LTBP4,CD36,ENG	0.00015910667230920937	0	0
2	semaphorin receptor binding (GO:0030215)	9.741780700591148e-06	21.56933508311461	248.89042615214368	SEMA5A,SEMA5B,SEMA6A,SEMA3D,SEMA3F	0.0012160542416337675	0	0
3	transforming growth factor beta-activated receptor activity (GO:0005024)	1.253436841642725e-05	38.6921568627451	436.71977567776173	ACVRL1,TGFBR3,LTBP4,ENG	0.0012160542416337675	0	0
4	chemorepellent activity (GO:0045499)	1.5059495252430558e-05	19.41043307086614	215.5237795491072	SEMA5A,SEMA5B,SEMA6A,SEMA3D,SEMA3F	0.0012160542416337675	0	0
5	transmembrane receptor protein serine/threonine kinase activity (GO:0004675)	7.288132173784914e-05	22.103081232492997	210.56894145333203	ACVRL1,TGFBR3,LTBP4,ENG	0.0047081333842650544	0	0
6	calcium ion binding (GO:0005509)	0.0006464078973718673	3.06125470209926	22.482098922475345	ANXA8L1,SPARC,NRXN1,LTBP4,FBLN1,EML1,SLC8A1,CDH8,SELP,CDH5,CLEC3B,SLIT2,ADGRL3	0.03479829180851886	0	0
