Rank	Term name	P-value	Z-score	Combined score	Overlapping genes	Adjusted p-value	Old p-value	Old adjusted p-value
1	BH domain binding (GO:0051400)	0.0035949984464796287	363.3272727272727	2044.8828145385057	MCL1	0.04134248213451573	0	0
2	BH3 domain binding (GO:0051434)	0.0035949984464796287	363.3272727272727	2044.8828145385057	MCL1	0.04134248213451573	0	0
3	death domain binding (GO:0070513)	0.006581796197874835	181.61818181818182	912.3494182081016	MCL1	0.04312138364042786	0	0
4	calcium-dependent phospholipase A2 activity (GO:0047498)	0.00956039001281181	121.04848484848485	562.8907982194623	PLA2G4B	0.04312138364042786	0	0
5	protein tyrosine kinase activator activity (GO:0030296)	0.011343616002547938	100.85858585858585	451.7557080600296	CD24	0.04312138364042786	0	0
6	lysophospholipase activity (GO:0004622)	0.012530798277531565	90.76363636363637	397.50531795625653	PLA2G4B	0.04312138364042786	0	0
7	syntaxin-1 binding (GO:0017075)	0.013123899368825872	86.43722943722943	374.56020373045595	PRRT2	0.04312138364042786	0	0
8	phospholipase A2 activity (GO:0004623)	0.017266474337105393	64.8051948051948	263.043544162992	PLA2G4B	0.049641113719178	0	0
