Rank	Term name	P-value	Z-score	Combined score	Overlapping genes	Adjusted p-value	Old p-value	Old adjusted p-value
1	transforming growth factor beta binding (GO:0050431)	6.035698612575543e-07	75.1811320754717	1076.6241877269072	ACVRL1,LTBP4,CD36,ENG	7.303195321216407e-05	0	0
2	transforming growth factor beta-activated receptor activity (GO:0005024)	4.741009944210548e-06	123.04938271604938	1508.4944218903279	ACVRL1,LTBP4,ENG	0.00028683110162473817	0	0
3	transmembrane receptor protein serine/threonine kinase activity (GO:0004675)	1.7372707591100336e-05	73.80740740740741	808.9742160011882	ACVRL1,LTBP4,ENG	0.0007006992061743802	0	0
4	vascular endothelial growth factor receptor 2 binding (GO:0043184)	0.0002209978321123756	120.83030303030303	1017.0718774900829	CDH5,VEGFA	0.006685184421399362	0	0
5	vascular endothelial growth factor receptor binding (GO:0005172)	0.0005171222387797338	72.48363636363636	548.5004398540945	CDH5,VEGFA	0.012514358178469557	0	0
