Rank	Term name	P-value	Z-score	Combined score	Overlapping genes	Adjusted p-value	Old p-value	Old adjusted p-value
1	EGFR UP.V1 UP	3.5015259391155984e-07	8.195604395604395	121.82681351225287	CADPS2,SDCBP,RCAN1,EDN1,MAOA,PLAGL1,JUNB,ETS2,DUSP6,MGLL,SEL1L3	5.357334686846866e-05	0	0
2	CAMP UP.V1 DN	3.946812022529778e-06	7.08507570295602	88.15677985949915	RERE,ZFP36,MYO15B,RALGAPA1,ID2,TIMP2,FRY,PAM,ETS2,SEL1L3	0.00030193111972352804	0	0
3	LTE2 UP.V1 UP	1.8720027118973944e-05	6.651144435674823	72.40380387573468	SDCBP,RCAN1,EDN1,PLCB4,MAOA,PLAGL1,ANXA6,PNRC1,SASH1	0.0007465035443808261	0	0
4	ERB2 UP.V1 UP	1.9516432532832055e-05	6.614263287732675	71.7267494831138	CADPS2,SDCBP,EDN1,MAOA,LMO3,PDE4D,ANXA6,PNRC1,DUSP6	0.0007465035443808261	0	0
5	ESC J1 UP EARLY.V1 DN	8.28037224340166e-05	6.218745060850324	58.450218282670335	EGR1,CNN1,ZFP36,EDN1,TRPS1,CIRBP,JUNB,DUSP6	0.002533793906480908	0	0
6	MEL18 DN.V1 DN	0.00016364750418285855	6.564853158170308	57.231049342946925	EGR1,SH3BGRL,PLN,ID2,STK17B,FRMD4B,NDRG2	0.004173011356662893	0	0
7	CAMP UP.V1 UP	0.000999469669433475	4.783426643947561	33.04527812162309	ELN,ELMO1,COL6A3,RAPGEF2,PDE4DIP,CYBA,NDRG2	0.02184555134618881	0	0
