Rank	Term name	P-value	Z-score	Combined score	Overlapping genes	Adjusted p-value	Old p-value	Old adjusted p-value
1	AGE-RAGE signaling pathway in diabetic complications	2.0946954503844395e-05	11.919309514251305	128.41288715939274	STAT5A,EGR1,PLCB4,COL4A1,PRKCZ,MAPK3	0.004231284809776568	0	0
2	Transcriptional misregulation in cancer	0.00010433035704915042	7.10018018018018	65.09408398316607	DDX5,MEIS1,MEF2C,ID2,RARA,JMJD1C,DUSP6	0.010537366061964192	0	0
3	Parathyroid hormone synthesis, secretion and action	0.00032543072748694116	9.154714536874248	73.515662013124	EGR1,MEF2C,PLCB4,PDE4D,MAPK3	0.02191233565078737	0	0
4	Acute myeloid leukemia	0.0005443885626521038	11.6549088771311	87.59651537509733	STAT5A,RARA,DUSP6,MAPK3	0.02749162241393124	0	0
5	Apelin signaling pathway	0.0010459906638226697	6.993769470404985	47.996777051426214	EGR1,MEF2C,PLCB4,SLC8A1,MAPK3	0.04225802281843585	0	0
6	Human T-cell leukemia virus 1 infection	0.00146873972811222	5.228541057666755	34.10760630825937	STAT5A,EGR1,ZFP36,B2M,ETS1,MAPK3	0.04368212808271446	0	0
7	ECM-receptor interaction	0.0015137371117772338	8.731922398589065	56.69788954337634	LAMA2,COL4A1,COL6A3,HSPG2	0.04368212808271446	0	0
8	Oxytocin signaling pathway	0.001756090868564208	6.1904911246314995	39.27659260423395	RCAN1,MEF2C,PLCB4,PPP1R12B,MAPK3	0.04434129443124625	0	0
