Rank	Term name	P-value	Z-score	Combined score	Overlapping genes	Adjusted p-value	Old p-value	Old adjusted p-value
1	histone acetyltransferase binding (GO:0035035)	0.0001668742298876018	17.30553116769096	150.52818507724888	EGR1,EPAS1,CITED2,KANSL1L	0.036151713080067455	0	0
2	syntaxin-1 binding (GO:0017075)	0.00020178642211602415	16.34328358208955	139.05357173298515	UNC13B,STXBP1,LRRK2,VAMP3	0.036151713080067455	0	0
3	alpha-actinin binding (GO:0051393)	0.00028691835777831315	14.707462686567164	119.95866690641205	PDLIM2,RARA,CACNA1D,TTN	0.036151713080067455	0	0
