Rank	Term name	P-value	Z-score	Combined score	Overlapping genes	Adjusted p-value	Old p-value	Old adjusted p-value
1	CSR LATE UP.V1 DN	0.0002968265148464869	14.029766123316797	113.95484925914771	ACVRL1,TNXB,TSC22D3,SVEP1	0.017537048612565255	0	0
2	ESC J1 UP LATE.V1 UP	0.000461501279278033	12.441019188424033	95.55978851890349	APP,COL4A2,SLCO2A1,CRYAB	0.017537048612565255	0	0
