Rank	Term name	P-value	Z-score	Combined score	Overlapping genes	Adjusted p-value	Old p-value	Old adjusted p-value
1	Steroid hormone biosynthesis	3.2497612997885417e-07	9.85432733504713	147.21886220276627	UGT1A1,SRD5A1,HSD17B1,AKR1C1,UGT1A5,AKR1C3,AKR1C2,UGT1A3,CYP19A1,UGT1A7	7.831924732490385e-05	0	0
2	Metabolism of xenobiotics by cytochrome P450	2.6367755141936946e-06	7.608864999610501	97.74312812955993	CBR1,ALDH3A1,UGT1A1,GSTP1,AKR1C1,CYP2S1,UGT1A5,UGT1A3,UGT1A7,CBR3	0.00031773144946034023	0	0
3	Cell cycle	0.0001932289006036028	4.394308393090696	37.5785217114577	CCNB1,DBF4,CDC45,PTTG1,MCM7,CDKN2A,PLK1,MCM4,PKMYT1,YWHAZ	0.015522721681822758	0	0
4	Hepatocellular carcinoma	0.0005723070279375915	3.5111300807669577	26.213517665582934	NQO1,CDKN2A,GSTP1,TXNRD1,WNT7B,DPF1,WNT5A,FZD6,KEAP1,TGFA,HRAS	0.03448149843323989	0	0
5	Glutathione metabolism	0.000933596621194224	5.852417302798982	40.82919089328506	GPX2,RRM1,GCLC,RRM2,GSTP1,GSR	0.0449993571415616	0	0
