Rank	Term name	P-value	Z-score	Combined score	Overlapping genes	Adjusted p-value	Old p-value	Old adjusted p-value
1	RNA binding (GO:0003723)	4.9121592271868674e-05	2.204779522047795	21.874084739943044	RPL4,TOP2A,ISY1,HMGB3,MRPL15,MSI2,RPF2,RAD51AP1,YY1,MRPL3,MRPL42,C1QBP,DNAJC21,SAP18,RPL37,KPNA2,RBM34,HNRNPA1,NELFE,EIF5B,PNPT1,MRPS24,NIFK,XRCC5,STRBP,MRPS23,ACTN4,SMC1A,DARS1,U2SURP,DKC1,CAPRIN1,STRAP,GRSF1,RAN,APOBEC3B	0.01778201640241646	0	0
2	glutathione transferase activity (GO:0004364)	0.0003595727133229454	13.664992205092673	108.37150708958794	GSTM4,GSTM2,GSTM1,MGST1	0.044815996878531925	0	0
3	protein homodimerization activity (GO:0042803)	0.0005480135542792761	2.495893195615746	18.74218748433307	GSTM4,TOP2A,TPD52,GSTM2,GSTM1,UGT1A1,EIF2AK1,ACTN4,CIP2A,GRHL1,TPD52L1,MSH6,GGCT,NADK2,ATIC,IMPA2,STUB1,UGT1A9,FGFR2	0.044815996878531925	0	0
4	DNA secondary structure binding (GO:0000217)	0.0007896115273720373	10.834455282319	77.4010177712544	RAD51AP1,YY1,MSH6,HMGB3	0.044815996878531925	0	0
5	oxidoreduction-driven active transmembrane transporter activity (GO:0015453)	0.0008556728989778851	7.430943396226415	52.48937809455083	NDUFA9,NDUFB5,NDUFA10,NDUFC2,COX5A	0.044815996878531925	0	0
6	retinoid binding (GO:0005501)	0.0008860102332085369	10.47277556440903	73.61085697964764	UGT1A1,ABCA4,ADH7,UGT1A9	0.044815996878531925	0	0
7	NADH dehydrogenase (quinone) activity (GO:0050136)	0.0009904087707962857	10.134430021848091	70.10383326788165	NDUFA9,NDUFB5,NDUFA10,NDUFC2	0.044815996878531925	0	0
8	NADH dehydrogenase (ubiquinone) activity (GO:0008137)	0.0009904087707962857	10.134430021848091	70.10383326788165	NDUFA9,NDUFB5,NDUFA10,NDUFC2	0.044815996878531925	0	0
9	four-way junction DNA binding (GO:0000400)	0.0012202716379267186	16.778061224489797	112.55867382472273	YY1,MSH6,HMGB3	0.04908203699216357	0	0
