Rank	Term name	P-value	Z-score	Combined score	Overlapping genes	Adjusted p-value	Old p-value	Old adjusted p-value
1	ERB2 UP.V1 UP	1.938924569636191e-05	17.723118279569892	192.3098698861549	ABCC3,BCAM,MUC1,ASPH,LMO3	0.0007355112173876474	0	0
2	MEK UP.V1 UP	2.1955558727989475e-05	17.25479930191972	185.08343570979432	ABCC3,BCAM,CLDN4,ASPH,MICAL2	0.0007355112173876474	0	0
