Rank	Term name	P-value	Z-score	Combined score	Overlapping genes	Adjusted p-value	Old p-value	Old adjusted p-value
1	RB P130 DN.V1 DN	0.0035574107457003097	26.343729263437293	148.5449741203973	GABRP,TMEM123	0.036706238797943776	0	0
2	KRAS.LUNG UP.V1 DN	0.0038638146103098714	25.23076923076923	140.18468556413987	RYR1,GPNMB	0.036706238797943776	0	0
