Rank	Term name	P-value	Z-score	Combined score	Overlapping genes	Adjusted p-value	Old p-value	Old adjusted p-value
1	CYCLIN D1 KE .V1 UP	0.03746448498573523	34.932980599647266	114.73254920062688	GNAI2	0.03804745545598449	0	0
2	ERB2 UP.V1 UP	0.03765883791205711	34.747368421052634	113.94314013092075	GNAI2	0.03804745545598449	0	0
3	PRC2 EDD UP.V1 UP	0.03804745545598449	34.38194444444444	112.39186264276356	GNAI2	0.03804745545598449	0	0
