Rank	Term name	P-value	Z-score	Combined score	Overlapping genes	Adjusted p-value	Old p-value	Old adjusted p-value
1	NFE2L2.V2	6.506434947989212e-09	3.589544015941859	67.66460671067335	LRP8,UCHL1,PTPRZ1,STC2,GPC1,SPP1,UGT1A5,B4GALNT1,UGT1A3,PHGDH,UGT1A7,UGT1A6,CBR3,NQO1,GPX2,G6PD,RRM2,IGFBP3,TXNRD1,AKR1C1,GSR,AKR1C3,TALDO1,PTGR1,CYP4F11,ALDH3A1,GCLC,DBF4,MTHFD2,TMEM237,RPL22L1,TKT	1.1646518556900688e-06	0	0
2	P53 DN.V1 UP	1.2625747154892695e-05	4.096857717799699	46.21162262822197	COL17A1,SUN1,AUTS2,CDKN2A,ITGB4,SULF1,KLK10,TUBA4A,UCHL1,CALB1,PTK7,KRT15,CLTCL1,CD9,PITX1	0.0008192505634234466	0	0
3	CSR LATE UP.V1 UP	1.3730456370225362e-05	4.325742637236817	48.430556469611695	FEN1,DTYMK,RRM2,UBE2C,IGFBP3,MAZ,FANCA,NETO2,FOXM1,TUBA4A,ANLN,BIRC5,ITGA6,FAM83D	0.0008192505634234466	0	0
4	SINGH KRAS DEPENDENCY SIGNATURE 	4.348171988729768e-05	16.03030303030303	160.99505753373793	LAD1,SEMA4B,CLDN7,TGFA,PRSS22	0.0019458069649565713	0	0
5	RB DN.V1 DN	6.045049696275997e-05	4.6449745202211865	45.11982285208963	SLC7A5,LAMB3,IGFBP3,DDIT3,STC2,ADAM12,TNC,CD9,NDRG1,TUBA4A,CTSC	0.002164127791266807	0	0
6	MEL18 DN.V1 UP	0.0006945043952321966	3.6946944665983064	26.8689711539189	CA12,SLC7A5,JAG1,LAMB3,DDX11,STC2,ADAM12,FZD6,SPP1,PTHLH	0.020719381124427196	0	0
7	RPS14 DN.V1 DN	0.001774298448618362	3.025561097256858	19.164963464060076	SLC6A8,CDCA3,PRC1,DNAJA4,PES1,PLK1,ZNF74,KRT13,PYCR1,MYO19,TBRG4	0.04537134604324097	0	0
