Rank	Term name	P-value	Z-score	Combined score	Overlapping genes	Adjusted p-value	Old p-value	Old adjusted p-value
1	ESC J1 UP LATE.V1 UP	0.0007422136198168371	19.74035904255319	142.24652929397163	GPX3,CITED2,CTSH	0.019592104571409433	0	0
2	RPS14 DN.V1 UP	0.0007535424835157474	19.634920634920636	141.18931782242765	TYROBP,CTSH,HLA-DQB1	0.019592104571409433	0	0
3	STK33 UP	0.0025342187864004495	12.73125	76.10575566121858	EGR1,TYROBP,IL6ST	0.043926458964274454	0	0
4	SIRNA EIF4GI UP	0.0036219464951458462	25.15876027830487	141.4109431281691	ASAH1,CTSH	0.047085304436896	0	0
