Rank	Term name	P-value	Z-score	Combined score	Overlapping genes	Adjusted p-value	Old p-value	Old adjusted p-value
1	GTPase activator activity (GO:0005096)	4.078566043446448e-11	4.494502923976608	107.52060265438377	DOCK4,DOCK8,LRRK2,RGPD5,DENND3,IQGAP2,RASGRP2,DOCK10,PREX1,ABR,AKAP13,DOCK11,FGD5,RGS3,RASGEF1B,SH3BP5,RALGAPA1,DENND4A,RALGAPA2,TBC1D2B,ARAP1,ARHGAP45,TBCK,RASA4,TBC1D5,ALDH1A1,ELMO1,RAPGEF2,RIN3,ARHGEF2,RAPGEF5,DOCK2	1.9006117762460445e-08	0	0
2	guanyl-nucleotide exchange factor activity (GO:0005085)	3.4304031805188033e-09	6.120152849310517	119.28537791143766	DOCK4,DENND4A,DOCK8,DENND3,RASGRP2,DOCK10,DOCK11,PREX1,ABR,AKAP13,FGD5,RASGEF1B,ELMO1,SH3BP5,RAPGEF2,RIN3,ARHGEF2,DOCK2,RAPGEF5	7.992839410608811e-07	0	0
3	metal ion binding (GO:0046872)	0.00015459417118812753	2.3043552366001347	20.22004231325637	MCTP1,LRRK2,LPL,FBLN1,AOAH,RASGRP2,STK4,AIF1,THBS1,SLC8A1,TTN,PGS1,CDH5,CAPN3,SLIT3,DIS3L2,TGM2,TNNC1,PDE2A,SYT15,ANXA11,IRAK3,SEPTIN4,CDHR3,SPARCL1,RAPGEF2,FBP1	0.02086979041993665	0	0
4	GTPase regulator activity (GO:0030695)	0.0001791398319307867	3.053895294792429	26.34700486067144	RALGAPA1,RALGAPA2,LRRK2,RGPD5,TBC1D2B,ARAP1,IQGAP2,ARHGAP45,PREX1,ABR,TBCK,RGS3,RASA4,TBC1D5,ALDH1A1,RAPGEF2	0.02086979041993665	0	0
5	protein tyrosine kinase activity (GO:0004713)	0.0002830793949134346	4.198374264960221	34.29980733679513	CSF1R,FER,PEAK1,NTRK3,AATK,FYN,FGFR4,HIPK3,FGFR1,TTN	0.025254353908798072	0	0
6	calcium ion binding (GO:0005509)	0.0003251633550489022	2.5327314961461305	20.340829808669344	MCTP1,TNNC1,ANXA11,LPL,SYT15,FBLN1,AOAH,RASGRP2,AIF1,THBS1,SLC8A1,TTN,PGS1,CDH5,CDHR3,SPARCL1,RAPGEF2,CAPN3,SLIT3,TGM2	0.025254353908798072	0	0
7	MHC class II protein complex binding (GO:0023026)	0.000617797431805082	12.555519794013518	92.77712936736847	CD74,HLA-DMA,ANXA11,HLA-DOA	0.04112765760302403	0	0
8	CD4 receptor binding (GO:0042609)	0.0007117274301211006	24.442171189979124	177.15234824834104	CD74,IL16,CD22	0.04145812280455411	0	0
