Rank	Term name	P-value	Z-score	Combined score	Overlapping genes	Adjusted p-value	Old p-value	Old adjusted p-value
1	cadherin binding (GO:0045296)	1.0709383888047932e-09	4.8455788039121375	100.08412466954363	LAD1,OLA1,TWF1,SLC3A2,ENO1,NDRG1,LDHA,CDH3,TRIM29,PRDX1,MICALL1,EPS8L1,RPS2,S100A11,SCYL1,RANBP1,ANXA1,JUP,HSPA5,SCRIB,YWHAZ,PKM,GIPC1,PKP3,ALDOA	4.508650616868179e-07	0	0
2	RNA binding (GO:0003723)	6.219892689394716e-07	2.2725903830434095	32.47609606506701	EIF4A2,DAZAP1,KDM1A,HMGB3,HSPB1,ENO1,YARS1,YY1,SNRPD1,RPL35,RPS13,ZNF385A,PDIA3,PUS1,DDX11,MRPS23,IMP4,YWHAZ,PKM,CLNS1A,ESRP1,PABPC1,PKP3,ALDOA,SNRPC,RPL28,ZNF598,SNRPB,DAP3,SLBP,CSTB,SRSF1,MAZ,SLC3A2,MRPL15,C7ORF50,PRDX1,FAM120A,SAP18,RPS2,HNRNPA1,RAE1,NQO1,XRCC6,PDAP1,RPL35A,LSM4,LSM7,RPL22L1,RNPS1,GRSF1,EIF4G1	0.00013092874111175879	0	0
3	DNA secondary structure binding (GO:0000217)	2.433575889277266e-05	12.276682316118936	130.42211697735564	YY1,RECQL4,MSH6,RBBP8,HMGA1,HMGB3	0.0026641833390372246	0	0
4	mRNA binding (GO:0003729)	2.5312905834082894e-05	3.6410491110719945	38.53757809360051	SLBP,DAZAP1,SHMT2,SRSF1,TYMS,PKM,ESRP1,RPL35,RNPS1,PABPC1,RPS2,GRSF1,RPS13,CCT5,ZNF385A,EIF4G1	0.0026641833390372246	0	0
5	protein homodimerization activity (GO:0042803)	3.851399650466319e-05	2.5260316804814016	25.675820818569637	TENM2,SHMT2,HSPB1,ENO1,TYMP,IRAK1,IMPA2,S100A11,UGT1A6,GSTM3,NTRK2,G6PD,GSTM1,TPI1,JUP,BNIP3,SLC51A,TPD52L1,KNSTRN,MSH6,GGCT,ANO1,DDIT3,TKT,SNRPC,MAP3K13,CRYAB	0.003242878505692641	0	0
6	oxidoreductase activity, acting on the CH-OH group of donors, NAD or NADP as acceptor (GO:0016616)	0.00017619864656461044	5.611216695951518	48.50278772572512	UGDH,G6PD,LDHA,AKR1C1,PHGDH,KDSR,PTGR1,CBR3	0.012363271700616834	0	0
7	cadherin binding involved in cell-cell adhesion (GO:0098641)	0.00026143448240230056	15.706282513005203	129.56625806640255	ANXA1,TRIM29,PKP3,S100A11	0.015723416727338364	0	0
8	carboxylic acid binding (GO:0031406)	0.000818798454928544	7.647862047440699	54.35849945567305	RTN4R,GCLC,SHMT2,AKR1C1,AKR1C2	0.04308926869061463	0	0
