Rank	Term name	P-value	Z-score	Combined score	Overlapping genes	Adjusted p-value	Old p-value	Old adjusted p-value
1	amyloid-beta binding (GO:0001540)	0.0004184855728398474	8.670175438596491	67.44415150597564	CD36,ADRB2,CRYAB,AGER,ITM2B	0.04388299359877089	0	0
2	semaphorin receptor binding (GO:0030215)	0.0007488460252438567	19.308116883116885	138.96007639100034	SEMA5A,SEMA6A,SEMA3B	0.04388299359877089	0	0
3	transforming growth factor beta binding (GO:0050431)	0.0008509164987106108	18.387755102040817	129.98665503218177	ACVRL1,LTBP4,CD36	0.04388299359877089	0	0
4	chemorepellent activity (GO:0045499)	0.0009614077605126643	17.551062573789846	121.92919619829968	SEMA5A,SEMA6A,SEMA3B	0.04388299359877089	0	0
5	cadherin binding (GO:0045296)	0.0010253035887563293	3.794361454105863	26.115704004217836	TJP1,CDH5,PPFIBP1,PTPRB,AHNAK,ASAP1,PHLDB2,SPTAN1,SPTBN1	0.04388299359877089	0	0
6	nitric-oxide synthase binding (GO:0050998)	0.001253026082463561	51.19483870967742	342.0938331662209	CAV1,DMD	0.044691263607867	0	0
7	Roundabout binding (GO:0048495)	0.0016620979247651978	42.660215053763444	273.0114974595554	SLIT3,SLIT2	0.04686136847949095	0	0
8	calcium ion binding (GO:0005509)	0.0017518268590463906	3.4986845252331977	22.20648696155503	CDH5,CLEC3B,TNNC1,LTBP4,FBLN1,SLIT3,SLIT2,EML1,TTN	0.04686136847949095	0	0
