Rank	Term name	P-value	Z-score	Combined score	Overlapping genes	Adjusted p-value	Old p-value	Old adjusted p-value
1	Parathyroid hormone synthesis, secretion and action	0.0001835500168871443	7.8976	67.94323725649147	EGR1,MEF2C,PLCB4,PDE4D,FGFR1,MAPK3	0.02439102886263486	0	0
2	Adherens junction	0.00023284378159158536	9.922737306843267	83.00511448438468	PTPRM,FYN,SORBS1,MAPK3,FGFR1	0.02439102886263486	0	0
3	Bacterial invasion of epithelial cells	0.00034033993761816084	9.09308314937454	72.61341220757843	ELMO1,ILK,SEPTIN6,SEPTIN11,BCAR1	0.02439102886263486	0	0
4	Shigellosis	0.0007104183412372583	4.452873041108335	32.28180020182748	GABARAPL1,PLCB4,ELMO1,ILK,SEPTIN6,BCAR1,SEPTIN11,MAPK3	0.031205919087910827	0	0
5	Apelin signaling pathway	0.0007257190485560657	6.019236641221374	43.509134750457704	EGR1,GABARAPL1,MEF2C,PLCB4,SLC8A1,MAPK3	0.031205919087910827	0	0
6	Focal adhesion	0.001028877282218442	4.758527641320141	32.73527776322832	LAMA2,COL6A3,ILK,FYN,PPP1R12B,BCAR1,MAPK3	0.03451163084630634	0	0
7	AGE-RAGE signaling pathway in diabetic complications	0.0011236344926704388	6.883583130010456	46.747698647281894	STAT5A,EGR1,EDN1,PLCB4,MAPK3	0.03451163084630634	0	0
8	TNF signaling pathway	0.0018582707185192595	6.107878937921644	38.4070081841684	EDN1,MAP3K8,CFLAR,JUNB,MAPK3	0.04452676291420217	0	0
9	Acute myeloid leukemia	0.0018639110057107884	8.262740183792815	51.931969090291865	STAT5A,RARA,DUSP6,MAPK3	0.04452676291420217	0	0
