Rank	Term name	P-value	Z-score	Combined score	Overlapping genes	Adjusted p-value	Old p-value	Old adjusted p-value
1	Steroid hormone biosynthesis	1.4567881141223323e-05	6.309092688656161	70.26241812646902	UGT1A1,SRD5A1,HSD17B1,AKR1C1,UGT1A5,AKR1C3,AKR1C2,UGT1A3,CYP19A1,UGT1A7	0.0038896242647066272	0	0
2	Metabolism of xenobiotics by cytochrome P450	0.00010230309209073761	4.871426410527908	44.75657436048564	CBR1,ALDH3A1,UGT1A1,GSTP1,AKR1C1,CYP2S1,UGT1A5,UGT1A3,UGT1A7,CBR3	0.009742275347081619	0	0
3	Cell cycle	0.0001094637679447373	3.7755581668625147	34.432776920971015	MCM7,HDAC1,CDKN2A,PLK1,PKMYT1,YWHAZ,GADD45G,CCNB1,DBF4,CDC45,PTTG1,MDM2,MCM4	0.009742275347081619	0	0
4	Glycolysis / Gluconeogenesis	0.00019243335331933645	4.982787260854622	42.631535326743425	GPI,ALDH3A1,LDHA,TPI1,PKM,PGAM1,ALDOA,GAPDH,PGM1	0.012844926334065709	0	0
5	p53 signaling pathway	0.00037155521168264323	4.514249377076412	35.6526978064121	CCNB1,RRM2,SESN3,CDKN2A,IGFBP3,MDM2,TNFRSF10A,SERPINB5,GADD45G	0.019841048303853148	0	0
