Rank	Term name	P-value	Z-score	Combined score	Overlapping genes	Adjusted p-value	Old p-value	Old adjusted p-value
1	ESC V6.5 UP EARLY.V1 DN	0.00012943724426923387	11.386457853523721	101.9351505446832	APP,AHNAK,COL4A2,CAV1,ZFP36L1	0.006107290216707695	0	0
2	KRAS.600.LUNG.BREAST UP.V1 DN	0.00016894754613651881	8.1729370193307	70.98949566022829	RARRES2,ELMO1,TNFSF10,CD36,CRYAB,APOL3	0.006107290216707695	0	0
3	ESC J1 UP LATE.V1 UP	0.0002110127186828557	10.213502894954507	86.44292290722278	APP,GADD45B,COL4A2,SLCO2A1,CRYAB	0.006107290216707695	0	0
4	TGFB UP.V1 UP	0.00021618726430823698	10.158371040723981	85.73020672188957	GADD45B,SLCO2A1,LMCD1,CRYAB,ZFP36L1	0.006107290216707695	0	0
5	CSR LATE UP.V1 DN	0.0014014315420386176	8.991588997499433	59.07708683085685	ACVRL1,TNXB,SVEP1,APOL3	0.03167235285007276	0	0
6	IL15 UP.V1 UP	0.002186083133201598	7.93054997992774	48.57972479195094	ACVRL1,MAF,GADD45B,HEG1	0.041171232341963425	0	0
