Rank	Term name	P-value	Z-score	Combined score	Overlapping genes	Adjusted p-value	Old p-value	Old adjusted p-value
1	RNA binding (GO:0003723)	5.9317075107843395e-05	1.956312349501204	19.040031687423472	TOP2A,RBM28,BRCA1,MSI2,RPF2,SPOUT1,RTN4,MRPL11,FXR1,RAD51AP1,MRPL3,FBL,SNRPD2,PES1,DHX36,DNAJC21,SUMO2,DROSHA,RALY,BUD23,KPNA2,RBM34,EIF5B,TSFM,TRMT10C,MRPS24,CDKN2A,MDH2,NCBP2,ALYREF,RPP40,CCDC59,DDX54,DEK,HSPE1,MAGOHB,EIF2S2,RANGAP1,MRPL21,DARS1,CCDC86,STRAP,FKBP4,DUS3L,LSM14A,RAN,LUC7L2	0.01787556602731521	0	0
2	single-stranded DNA binding (GO:0003697)	7.857391660358335e-05	5.536325862503148	52.32642202627339	RAD51AP1,RAD51,RNF138,RPA3,DHX36,MCM4,MCM10,MCM5,SMC6	0.01787556602731521	0	0
3	histone methyltransferase activity (GO:0042054)	0.0002815159905166115	9.945712836123795	81.3093980656561	NSD3,FBL,PRMT5,SETD7,EZH2	0.03611394827365981	0	0
4	hexosyltransferase activity (GO:0016758)	0.00037277368568269835	4.42407454041803	34.92602927810063	POMT2,UGT1A1,TMTC3,GCNT3,B4GALNT3,UGT1A9,B4GALT4,FUT3,B4GALNT4	0.03611394827365981	0	0
5	magnesium ion binding (GO:0000287)	0.00039685657443582205	3.9816176470588234	31.183773059347743	TOP2A,OPA1,DHX36,IDH2,STK38L,TKT,MORC2,DCTPP1,RAN,MARK1	0.03611394827365981	0	0
