Rank	Term name	P-value	Z-score	Combined score	Overlapping genes	Adjusted p-value	Old p-value	Old adjusted p-value
1	ECM-receptor interaction	0.00011930877643510573	36.95294117647059	333.8253198264229	TNXB,COL4A2,LAMA4	0.003221336963747855	0	0
2	Focal adhesion	0.0013375721435538222	15.773524720893143	104.3718221847869	TNXB,COL4A2,LAMA4	0.0180572239379766	0	0
3	Small cell lung cancer	0.004553880244907289	22.09777777777778	119.14625922138045	COL4A2,LAMA4	0.026635447384320433	0	0
4	Human papillomavirus infection	0.0054781247011877815	9.459242618741976	49.254204845546504	TNXB,COL4A2,LAMA4	0.026635447384320433	0	0
5	Amoebiasis	0.005566608358088013	19.878	103.18608820015623	COL4A2,LAMA4	0.026635447384320433	0	0
6	PI3K-Akt signaling pathway	0.006596574676786956	8.82905982905983	44.33251717851837	TNXB,COL4A2,LAMA4	0.026635447384320433	0	0
7	Leukocyte transendothelial migration	0.0069054863588978894	17.7375	88.25185030626267	CDH5,CLDN5	0.026635447384320433	0	0
8	Cell adhesion molecules	0.01140256824210524	13.583561643835617	60.771722802423454	CDH5,CLDN5	0.03848366781710519	0	0
