Rank	Term name	P-value	Z-score	Combined score	Overlapping genes	Adjusted p-value	Old p-value	Old adjusted p-value
1	GCNP SHH UP EARLY.V1 DN	0.0019221361241047513	39.57085828343313	247.48873704438736	EGR1,CITED2	0.018287425518989445	0	0
2	CYCLIN D1 UP.V1 UP	0.002371012885390744	35.494623655913976	214.5450533466253	EGR1,CD52	0.018287425518989445	0	0
3	ESC J1 UP LATE.V1 UP	0.002446021530998266	34.925925925925924	210.01980630319298	CITED2,CTSH	0.018287425518989445	0	0
4	RPS14 DN.V1 UP	0.0024712737187823574	34.74035087719298	208.54707620838735	CTSH,HLA-DQB1	0.018287425518989445	0	0
5	IL2 UP.V1 UP	0.0024712737187823574	34.74035087719298	208.54707620838735	EGR1,CD52	0.018287425518989445	0	0
