Rank	Term name	P-value	Z-score	Combined score	Overlapping genes	Adjusted p-value	Old p-value	Old adjusted p-value
1	ERB2 UP.V1 UP	7.018142276494647e-05	9.556434045986284	91.40181500020338	ABCC3,MUC1,GDF15,NPC2,CEACAM6,AQP3	0.004654697617520283	0	0
2	MEK UP.V1 UP	8.095126291339623e-05	9.302592301649646	87.64589226757462	ABCC3,CLDN4,GDF15,NPC2,CEACAM6,AQP3	0.004654697617520283	0	0
3	CRX DN.V1 DN	0.00013058460379882205	11.284769721842226	100.92521654129139	LAD1,STEAP4,PLAT,TIMP1,CXCL13	0.005005743145621512	0	0
4	P53 DN.V1 UP	0.0007180515814212297	7.67896047307812	55.58775797695146	CLDN3,CEACAM6,AGR2,SPINT2,MSLN	0.02064398296586035	0	0
5	ALK DN.V1 UP	0.0019579593036988386	8.134854558536334	50.72775329638489	FBXL8,STEAP4,GDF15,SPP1	0.03930781358556171	0	0
6	ALK DN.V1 DN	0.002109542562390122	7.964170692431562	49.06951865575755	CEACAM6,KAZN,PRODH,AQP3	0.03930781358556171	0	0
7	SINGH KRAS DEPENDENCY SIGNATURE 	0.0023926495225994084	31.156494522691705	188.04047198052453	LAD1,MST1R	0.03930781358556171	0	0
