Rank	Term name	P-value	Z-score	Combined score	Overlapping genes	Adjusted p-value	Old p-value	Old adjusted p-value
1	ERB2 UP.V1 UP	3.780996037504935e-05	15.187403993855607	154.6523930691049	ABCC3,MUC1,GDF15,NPC2,AQP3	0.0019460382559670039	0	0
2	MEK UP.V1 UP	4.277007155971437e-05	14.786088257292446	148.7431974783867	ABCC3,CLDN4,GDF15,NPC2,AQP3	0.0019460382559670039	0	0
3	CRX DN.V1 DN	0.00014602326326789607	16.94871794871795	149.68674841537998	LAD1,PLAT,TIMP1,CXCL13	0.00442937231912618	0	0
4	ESC V6.5 UP LATE.V1 DN	0.0005094866966423865	12.074481074481074	91.55000525757643	GGCT,TCEA3,SPP1,TIMP1	0.011590822348614294	0	0
