Rank	Term name	P-value	Z-score	Combined score	Overlapping genes	Adjusted p-value	Old p-value	Old adjusted p-value
1	ERB2 UP.V1 UP	8.350214786288668e-05	12.65168970814132	118.8074407124725	ABCC3,MUC1,GDF15,NPC2,AQP3	0.004574515858724028	0	0
2	MEK UP.V1 UP	9.431991461286657e-05	12.317377212665171	114.16753017157636	ABCC3,CLDN4,GDF15,NPC2,AQP3	0.004574515858724028	0	0
3	CRX DN.V1 DN	0.0002748495931461782	14.184615384615384	116.30372605396414	LAD1,PLAT,TIMP1,CXCL13	0.008886803511726429	0	0
4	ESC V6.5 UP LATE.V1 DN	0.0009452947521587647	10.105290058778431	70.3733791399648	GGCT,TCEA3,SPP1,TIMP1	0.015312169029855261	0	0
5	ATF2 S UP.V1 DN	0.0009643054751202319	10.049561570720549	69.78518493016426	ABCC3,DGKD,SPINT2,GPRC5C	0.015312169029855261	0	0
6	ATF2 UP.V1 DN	0.0009643054751202319	10.049561570720549	69.78518493016426	ABCC3,DGKD,SPINT2,GPRC5C	0.015312169029855261	0	0
7	P53 DN.V1 UP	0.0011050018887524414	9.675887392900856	65.87255346050463	CLDN3,AGR2,SPINT2,MSLN	0.015312169029855261	0	0
