Rank	Term name	P-value	Z-score	Combined score	Overlapping genes	Adjusted p-value	Old p-value	Old adjusted p-value
1	Focal adhesion	0.0005592673638442844	11.803523439832786	88.39520496196306	TNXB,COL4A2,LAMA4,MYLK	0.015218630248523346	0	0
2	ECM-receptor interaction	0.0006211685815723815	20.04403361344538	148.00330105179012	TNXB,COL4A2,LAMA4	0.015218630248523346	0	0
