Rank	Term name	P-value	Z-score	Combined score	Overlapping genes	Adjusted p-value	Old p-value	Old adjusted p-value
1	RB P130 DN.V1 DN	0.020706303035718444	71.95289855072464	278.98420614565964	GABRP	0.028525637136025263	0	0
2	JNK DN.V1 UP	0.028525637136025263	51.84816753926702	184.42144568410632	GABRP	0.028525637136025263	0	0
