Rank	Term name	P-value	Z-score	Combined score	Overlapping genes	Adjusted p-value	Old p-value	Old adjusted p-value
1	metal ion binding (GO:0046872)	3.77258542456655e-05	2.7618104561236385	28.129494944528936	MCTP1,TNNC1,LRRK2,LPL,SYT15,IRAK3,SEPTIN4,EML1,SLC8A1,TTN,SELP,CDH5,CLEC3B,SCUBE1,RGN,ENPP2,CDH23,ESYT3,CAPN3,SLIT3,HMGCLL1,FBP1,TGM2	0.006541016044713951	0	0
2	calcium ion binding (GO:0005509)	3.9491895954748806e-05	3.2135254988913524	32.58326888031543	MCTP1,TNNC1,LPL,SYT15,EML1,SLC8A1,TTN,SELP,CDH5,CLEC3B,SCUBE1,RGN,ENPP2,CDH23,ESYT3,CAPN3,SLIT3,TGM2	0.006541016044713951	0	0
3	alpha-actinin binding (GO:0051393)	4.8813552572492166e-05	15.152801358234296	150.42947438129195	MAGI1,PDLIM2,CACNA1D,PPARG,TTN	0.006541016044713951	0	0
4	GTPase activator activity (GO:0005096)	8.457181616630121e-05	3.1318901201513087	29.370582076581126	NRP1,STARD13,DOCK4,LRRK2,ARAP3,TBC1D2B,ARHGEF10L,ARRB1,DENND3,IQGAP2,KALRN,ARHGAP44,AKAP13,FGD5,RGS3,RASGEF1B,SH3BP5	0.008499467524713271	0	0
5	actinin binding (GO:0042805)	0.0004173868073155952	13.51014791881665	105.12917780513557	MAGI1,CACNA1D,PPARG,TTN	0.03355789930817386	0	0
6	prostaglandin receptor activity (GO:0004955)	0.0005627747433687981	24.548521449396084	183.6875303134007	PTGIR,HPGD,PPARG	0.037705907805709475	0	0
7	cell adhesion mediator activity (GO:0098631)	0.000711337231550412	11.481871345029239	83.22478215937713	ROBO4,ESAM,CNTN4,DSCAML1	0.03804697720989449	0	0
8	cell-cell adhesion mediator activity (GO:0098632)	0.0007571537753212834	7.774035032099548	55.86378185115304	ROBO4,ESAM,STXBP6,CNTN4,DSCAML1	0.03804697720989449	0	0
9	transforming growth factor beta-activated receptor activity (GO:0005024)	0.0010055470917123119	19.091350826044703	131.77277061845538	ACVRL1,TGFBR3,ENG	0.04491443676314993	0	0
