Rank	Term name	P-value	Z-score	Combined score	Overlapping genes	Adjusted p-value	Old p-value	Old adjusted p-value
1	tubulin-glutamic acid ligase activity (GO:0070740)	0.002397858969227747	571.0571428571428	3445.2899826083253	TTLL7	0.011989294846138737	0	0
2	poly(G) binding (GO:0034046)	0.002397858969227747	571.0571428571428	3445.2899826083253	HNRNPDL	0.011989294846138737	0	0
3	poly(A) binding (GO:0008143)	0.006582617147928667	190.21904761904761	955.5316921910462	HNRNPDL	0.015937953752109116	0	0
4	poly-purine tract binding (GO:0070717)	0.008371605061186147	147.9037037037037	707.410051609059	HNRNPDL	0.015937953752109116	0	0
5	alpha-tubulin binding (GO:0043014)	0.009265092249714469	133.09333333333333	623.0766346487915	TTLL7	0.015937953752109116	0	0
6	beta-tubulin binding (GO:0048487)	0.00956277225126547	128.79354838709676	598.8742368950442	TTLL7	0.015937953752109116	0	0
7	ubiquitin binding (GO:0043130)	0.021998225646662723	54.57808219178082	208.31326833148967	VPS36	0.031426036638089606	0	0
