Rank	Term name	P-value	Z-score	Combined score	Overlapping genes	Adjusted p-value	Old p-value	Old adjusted p-value
1	IL-17 signaling pathway	1.6993954845709653e-05	17.694845728553595	194.33634830380717	IL6,CSF3,FOSB,FOS,MUC5B	0.0015133348942587862	0	0
2	Malaria	2.5013799905103905e-05	27.019021739130434	286.29579393253863	CSF3,IL6,HBA2,ACKR1	0.0015133348942587862	0	0
3	Hypertrophic cardiomyopathy	0.0002505985293132387	14.42296511627907	119.59029963115674	CACNG6,IL6,DES,IGF1	0.010107474015633961	0	0
