Rank	Term name	P-value	Z-score	Combined score	Overlapping genes	Adjusted p-value	Old p-value	Old adjusted p-value
1	microtubule binding (GO:0008017)	0.0004094129556550128	6.789219629927595	52.961251067907284	CEP57,C10ORF90,REEP4,TRPV4,CCDC69,KIF3C	0.046583458669524035	0	0
2	carbonate dehydratase activity (GO:0004089)	0.0009133769584394868	54.617283950617285	382.2315181899198	CA2,CA9	0.046583458669524035	0	0
3	protein homodimerization activity (GO:0042803)	0.001270955048369087	3.741756110177163	24.949979807193913	SH3GLB1,CEP57,TENM2,GSTM1,JUP,NPR3,SSBP1,PDK2,LHPP	0.046583458669524035	0	0
4	pyrophosphatase activity (GO:0016462)	0.001467505818228904	14.60735294117647	95.30116119955792	ENTPD3,CILP2,LHPP	0.046583458669524035	0	0
5	hydro-lyase activity (GO:0016836)	0.0015475520798215567	14.325721153846153	92.70290053460096	CA2,APIP,CA9	0.046583458669524035	0	0
6	tubulin binding (GO:0015631)	0.0017468797001071513	5.078137809034819	32.24578971279591	CEP57,C10ORF90,REEP4,TRPV4,CCDC69,KIF3C	0.046583458669524035	0	0
