Rank	Term name	P-value	Z-score	Combined score	Overlapping genes	Adjusted p-value	Old p-value	Old adjusted p-value
1	RPS14 DN.V1 UP	4.1961399649052716e-05	5.964177292046145	60.111514018480634	CPM,TYROBP,ANXA3,PDE4D,SH3BP5,CTSH,CD69,RCBTB2,HLA-DQB1	0.0065459783452522236	0	0
2	ERB2 UP.V1 UP	0.00024386893829145867	5.268966442053036	43.831897527605406	MYO1D,LIMCH1,LMO3,PDE4D,MALL,FGFR4,PNRC1,PAPSS2	0.019021777186733774	0	0
3	CRX NRL DN.V1 DN	0.0008902454274755469	5.778592375366569	40.588910116170574	TMEM87A,EGR1,NR4A1,PTER,RTKN2,ADRB2	0.04069158303899331	0	0
4	CYCLIN D1 KE .V1 UP	0.001265356335093616	4.582233773157403	30.574503540994094	CD52,TRIO,MALL,APOC1,HBA2,FGFR4,PLCB2	0.04069158303899331	0	0
5	ESC J1 UP LATE.V1 UP	0.0013042174050959395	4.55709835630965	30.26894045224375	RAMP2,GPX3,CITED2,ID2,CTSH,HNF1B,HLA-DRB1	0.04069158303899331	0	0
