Rank	Term name	P-value	Z-score	Combined score	Overlapping genes	Adjusted p-value	Old p-value	Old adjusted p-value
1	Pathways in cancer	0.009831355322537934	18.397920604914933	85.0384726632799	GSTM1,JUP	0.04576294194949171	0	0
2	Endocrine and other factor-regulated calcium reabsorption	0.015796862298306416	76.7	318.1473007644563	CALB1	0.04576294194949171	0	0
3	Glutathione metabolism	0.01698059341210605	71.20714285714286	290.2178235808619	GSTM1	0.04576294194949171	0	0
4	Acute myeloid leukemia	0.019934732540743783	60.38787878787879	236.43616149285907	JUP	0.04576294194949171	0	0
5	Metabolism of xenobiotics by cytochrome P450	0.022587129745657998	53.117333333333335	201.3346131407168	GSTM1	0.04576294194949171	0	0
6	Arrhythmogenic right ventricular cardiomyopathy	0.022881470974745854	52.415789473684214	197.99686155819643	JUP	0.04576294194949171	0	0
