Rank	Term name	P-value	Z-score	Combined score	Overlapping genes	Adjusted p-value	Old p-value	Old adjusted p-value
1	HINATA NFKB MATRIX	0.000749325943468871	61.44753086419753	442.19710904457907	FN1,KRT7	0.036271211241024406	0	0
2	ATF2 UP.V1 DN	0.0010906458331142207	6.950901662440124	47.41199771898778	RAB11FIP1,JUP,CDH13,CA9,TGM5	0.036271211241024406	0	0
3	KRAS.50 UP.V1 DN	0.0011064067240438903	16.199184782608697	110.26198185420711	EPHB6,KRT16,CDH16	0.036271211241024406	0	0
4	P53 DN.V1 UP	0.0012839366810982091	6.691086691086691	44.54808015893519	SH3GLB1,CALB1,LPCAT4,CDH13,LSR	0.036271211241024406	0	0
