Rank	Term name	P-value	Z-score	Combined score	Overlapping genes	Adjusted p-value	Old p-value	Old adjusted p-value
1	HIF-1 signaling pathway	0.00018475238760524163	15.748412698412698	135.38113644911195	LDHB,LDHA,TIMP1,ENO1	0.007600222838750648	0	0
2	Cysteine and methionine metabolism	0.0002980479544608097	25.924012158054712	210.4577714820763	LDHB,AHCYL2,LDHA	0.007600222838750648	0	0
3	Glycolysis / Gluconeogenesis	0.000706148645464606	19.021683673469386	138.01534103625576	LDHB,LDHA,ENO1	0.012004526972898302	0	0
4	Propanoate metabolism	0.003526704480067964	24.895	140.5918093795177	LDHB,LDHA	0.04496548212086654	0	0
