Rank	Term name	P-value	Z-score	Combined score	Overlapping genes	Adjusted p-value	Old p-value	Old adjusted p-value
1	cadherin binding (GO:0045296)	4.037291701762002e-06	2.7821657208635417	34.55432147888142	LAD1,TWF1,SLC3A2,ENO1,FNBP1L,NDRG1,CDH8,LDHA,CDH3,PUF60,PRDX1,MICALL1,PAK6,RPS2,S100A11,SPTBN2,NCK1,JUP,SCRIB,CIP2A,YWHAZ,ANLN,KRT18,EIF2S3,PKM,FSCN1,ITGA6,PKP3,ALDOA	0.0023012562700043407	0	0
2	RNA binding (GO:0003723)	1.4274835026415981e-05	1.7345641025641025	19.35255313031877	EIF4A2,MTCL1,CLTC,NKAP,HMGB3,HSPB1,GPATCH4,ENO1,ELAVL2,DUSP14,YY1,PSMD4,TRIM28,SNRPD1,RPL37,KPNA2,RBM34,SRRM3,RBFOX1,CLUH,PUS1,DDX11,MRPS23,IMP4,ZCRB1,PUS7,YWHAZ,UCHL5,PTBP3,PKM,CLNS1A,ESRP1,TCP1,FSCN1,STRAP,PKP3,PABPC1,SNRPC,ALDOA,SNRPB,DAP3,FYTTD1,SLBP,SRSF1,MAZ,TRMT2A,SLC3A2,MRPL15,NTPCR,RRP7A,STIP1,PUF60,PRDX1,FAM120A,POLR2D,RALY,RPS2,HNRNPA1,RAE1,NQO1,NIFK,RPL35A,PDAP1,DEK,MEX3D,MAGOHB,EIF2S2,LSM4,MRPL21,U2SURP,PUM2,NUDT21,LSM7,KRT18,EIF2S3,MKRN3,RPL22L1,GRSF1,EIF4G1,APOBEC3B	0.004068327982528554	0	0
3	DNA secondary structure binding (GO:0000217)	0.00012589943480808513	7.432389243993828	66.74305687442592	YY1,RECQL4,NEIL3,RBBP8,HMGA1,HMGB3,HMGA2	0.023920892613536176	0	0
4	UDP-glycosyltransferase activity (GO:0008194)	0.00017270210200225598	4.173581777268959	36.15967212611296	UGT8,CHPF,UGT1A1,HAS3,GCNT3,B4GALNT1,UGT1A3,B4GALNT3,UGT1A9,LARGE2,UGT1A7	0.024610049535321477	0	0
5	cardiolipin binding (GO:1901612)	0.000271246763600787	18.344270090347123	150.65198030002273	OPA1,NME4,PLEKHN1,GSDME	0.029654440610262234	0	0
6	protein homodimerization activity (GO:0042803)	0.000312152006423813	1.8871675833880002	15.2332550213262	TENM2,SHMT2,MTCL1,HSPB1,ENO1,IDE,NADK2,IRAK1,IMPA2,STC2,HSD17B1,CHMP1A,TRIM68,UGT1A3,UGT1A9,S100A11,UGT1A7,TPD52,TBX1,NTRK2,G6PD,TPI1,JUP,UGT1A1,GSS,SLC51A,CIP2A,TPD52L1,GRHL1,KNSTRN,GGCT,NUDT21,ANO1,CENPF,DDIT3,MVD,TKT,SNRPC,MAP3K13,BCL2L2	0.029654440610262234	0	0
7	single-stranded DNA binding (GO:0003697)	0.0006121410597164623	3.540295556598083	26.19304594508572	NEIL3,CDC45,RAD51,DDX11,RPA3,POLR2D,RBBP8,MCM4,SMC6,POLR2H,HNRNPA1	0.041199084431156635	0	0
8	glucuronosyltransferase activity (GO:0015020)	0.0006505118594393153	6.616309012875536	48.5488282668186	CHPF,UGT1A1,UGT1A3,UGT1A9,LARGE2,UGT1A7	0.041199084431156635	0	0
9	monocarboxylic acid binding (GO:0033293)	0.0006505118594393153	6.616309012875536	48.5488282668186	UGT1A1,AKR1C1,AKR1C2,UGT1A3,UGT1A9,UGT1A7	0.041199084431156635	0	0
