Rank	Term name	P-value	Z-score	Combined score	Overlapping genes	Adjusted p-value	Old p-value	Old adjusted p-value
1	NFE2L2.V2	1.1039522486627496e-10	4.71570796460177	108.11682069497235	ABCB6,MGST1,HJURP,TSKU,PANX2,NT5DC1,STC2,GPC1,UGT1A5,NRCAM,UGT1A3,UGT1A9,UGT1A7,CBR1,G6PD,RRM2,UGT1A1,CYP4F3,AKR1C3,TALDO1,NDUFC2,PGD,UGDH,DBF4,TMEM237,RPL22L1,TKT,TMEM18,PFN2	1.8325607327801643e-08	0	0
2	LEF1 UP.V1 UP	5.9496948873171365e-06	5.0172147995889	60.36798450164871	RYR1,KCNG1,CDKN2A,WNT5A,KRT13,PAX6,KRT5,MPP6,BMP7,SLC6A8,STC2,CHST2,STRA6	0.0004938246756473223	0	0
3	E2F1 UP.V1 UP	2.2130451708010728e-05	4.746248709069923	50.87293254269206	TPD52,TOP2A,RRM1,DBF4,DNAJC21,HMGB3,MCM4,GRSF1,TYMS,NCAPH,KPNA1,EZH2	0.0012245516611765937	0	0
4	KRAS.LUNG UP.V1 DN	5.338199698414354e-05	5.159878739949915	50.76307797962199	TGM1,RYR1,KRT16,IGFBP2,KRT13,RHCG,CXCL14,KLK8,KLK11,SPTBN2	0.002215352874841957	0	0
5	CSR LATE UP.V1 UP	0.00021980575450397078	4.293967751856245	36.167087026918985	ANLN,CXCL6,DTYMK,RRM2,PBK,BIRC5,RPF2,FAM83D,UMPS,EZH2	0.00729755104953183	0	0
