Rank	Term name	P-value	Z-score	Combined score	Overlapping genes	Adjusted p-value	Old p-value	Old adjusted p-value
1	E2F1 UP.V1 UP	2.521777635162733e-06	4.7246236036911125	60.90298023167107	TOP2A,RRM1,MCM10,CLN6,SLC9A3R1,DBF4,UBE2T,DNAJC21,TYRO3,MCM4,TK1,DCTPP1,BUB1,KPNA1,EZH2	0.00045644175196445466	0	0
2	NFE2L2.V2	3.506758775516836e-05	2.7745994991379637	28.462488920426992	SREBF1,CSTA,ABCC2,UGT1A1,TXNRD1,CYP4F3,STYK1,AKR1C3,HJURP,OSGIN1,NDUFC2,MCM10,PGD,EIF2S2,LRP8,TM9SF3,PANX2,DBF4,GCNT3,NRCAM,TKT,BCAT1,UGT1A9	0.002299315296491704	0	0
3	GCNP SHH UP LATE.V1 UP	3.8110198284392885e-05	4.168396770472895	42.41355652304075	TOP2A,NAA30,RRM1,IDH2,MCM10,SMC4,TM9SF3,PSMC3IP,FRMD6,MYB,MCM4,MCM5,TK1	0.002299315296491704	0	0
4	VEGF A UP.V1 DN	6.60056334137932e-05	3.9347961406784937	37.87544447605404	RFC4,KIF23,KIF22,SMC4,LRP8,NDC80,ATIC,DBF4,EXO1,CCDC86,MCM4,MEST,BUB1	0.0025189990849863236	0	0
5	P53 DN.V1 UP	6.958561008249512e-05	3.9128557500348204	37.457583266209355	CDKN2A,ADM,TUBA4A,NDC80,PRDX2,KRT19,CALB1,KLF5,KRT15,CD9,CD24,PITX1,MEST	0.0025189990849863236	0	0
6	HOXA9 DN.V1 DN	0.00029024796696327365	3.5620478065756935	29.012077716647983	FANCI,SREBF1,EXOSC5,HMGCS1,IGFBP2,ZIC1,ADM,NCAPD2,MCM10,BCAT1,FANCG,COCH	0.008755813670058756	0	0
7	RPS14 DN.V1 DN	0.0007498242238512786	3.3868384401114207	24.370577675504464	CDCA3,EXO1,PES1,KRT13,MCM10,KIF23,MCM5,TK1,BCAT1,MYO19,NLE1	0.019388312073868777	0	0
8	MTOR UP.V1 UP	0.0012893706466454412	3.3802083333333335	22.490557717486734	DBF4,KCNE3,HMGCS1,BDH1,UHRF1,SLC41A3,CCDC86,MCM5,TMEM97,HSPE1	0.028310755309856828	0	0
9	CSR LATE UP.V1 UP	0.0014077171148547593	3.3381344307270235	21.917476158422645	ANLN,CXCL6,PRMT5,WSB2,UHRF1,KIF22,RPF2,DCTPP1,TUBA4A,EZH2	0.028310755309856828	0	0
