Rank	Term name	P-value	Z-score	Combined score	Overlapping genes	Adjusted p-value	Old p-value	Old adjusted p-value
1	glycerophospholipid flippase activity (GO:0140333)	9.21720330437406e-06	97.6470588235294	1132.1628568696444	ATP8A1,ABCA4,ATP11A	0.0012166708361773758	0	0
2	phosphatidylserine flippase activity (GO:0140346)	0.00012339614683190043	192.52173913043478	1732.7169589409075	ATP8A1,ATP11A	0.008125453429053596	0	0
3	phosphatidylethanolamine flippase activity (GO:0090555)	0.00018466939611485445	144.3840579710145	1241.2615712921047	ABCA4,ATP11A	0.008125453429053596	0	0
4	aminophospholipid flippase activity (GO:0015247)	0.00025794373721271563	115.50144927536232	954.3618025713947	ATP8A1,ATP11A	0.008512143328019616	0	0
