Rank	Term name	P-value	Z-score	Combined score	Overlapping genes	Adjusted p-value	Old p-value	Old adjusted p-value
1	cholesterol transfer activity (GO:0120020)	0.0026976603266888493	587.6470588235294	3476.150033460634	NPC2	0.007118471943935166	0	0
2	sterol transfer activity (GO:0120015)	0.002847388777574066	554.9722222222222	3252.888056951129	NPC2	0.007118471943935166	0	0
3	cholesterol binding (GO:0015485)	0.007481552373416279	203.55102040816325	996.4463577649728	NPC2	0.011216722541266736	0	0
4	sterol binding (GO:0032934)	0.00897337803301339	168.96610169491527	796.4205513462199	NPC2	0.011216722541266736	0	0
5	protein heterodimerization activity (GO:0046982)	0.027936955947393486	52.967914438502675	189.50886279946315	CEACAM8	0.027936955947393486	0	0
