Rank	Term name	P-value	Z-score	Combined score	Overlapping genes	Adjusted p-value	Old p-value	Old adjusted p-value
1	Metabolism of xenobiotics by cytochrome P450	7.684604482743071e-05	12.685019206145967	120.17414960915148	ALDH3A1,GSTM3,AKR1C1,CBR3,UGT1A6	0.014984978741348989	0	0
2	Pathways in cancer	0.00024604539201315866	3.9388868343195265	32.73212800287642	GSTM3,NQO1,JAG1,JUP,TXNRD1,FZD6,SLC2A1,KEAP1,PLD1,HRAS,CKS1B	0.020706125151520247	0	0
3	Glutathione metabolism	0.00032393050766528004	13.484276729559749	108.3459147059741	GSTM3,GPX2,GCLC,GSR	0.020706125151520247	0	0
4	Hepatocellular carcinoma	0.00042474102874913325	6.7016649677200135	52.03193401738745	GSTM3,NQO1,TXNRD1,FZD6,KEAP1,HRAS	0.020706125151520247	0	0
5	Glycolysis / Gluconeogenesis	0.0006014292353627187	11.338195338195337	84.08634327464793	GPI,ALDH3A1,TPI1,HK2	0.023075148854569485	0	0
6	Central carbon metabolism in cancer	0.0007100045801405995	10.821184821184822	78.4561776997782	SLC7A5,SLC2A1,HRAS,HK2	0.023075148854569485	0	0
7	Fructose and mannose metabolism	0.0008909839120948078	17.727678571428573	124.50475180916891	TKFC,TPI1,HK2	0.024820266122641075	0	0
