Rank	Term name	P-value	Z-score	Combined score	Overlapping genes	Adjusted p-value	Old p-value	Old adjusted p-value
1	vascular endothelial growth factor-activated receptor activity (GO:0005021)	3.8171335263701605e-05	72.04004854368932	732.8940819895398	NRP1,PDGFRA,NRP2	0.01068797387383645	0	0
2	lipoprotein particle binding (GO:0071813)	0.00010449280349972967	19.28878048780488	176.80852999995633	MSR1,APOA2,CD36,THBS1	0.011934687313890684	0	0
3	MHC class II receptor activity (GO:0032395)	0.0001278716497916859	41.15950069348128	368.9736661982853	HLA-DQA1,HLA-DRB1,HLA-DQB1	0.011934687313890684	0	0
4	metal ion binding (GO:0046872)	0.00036964597264378614	2.9709512465601513	23.479323246107384	LTBP4,FBLN1,IRAK3,SEPTIN4,AIF1,THBS1,SELP,RAP2A,CLEC3B,SCUBE1,RGN,ENPP2,SLIT3,SLIT2,FBP1	0.02587521808506503	0	0
5	low-density lipoprotein particle binding (GO:0030169)	0.0006865034903984681	20.57246879334258	149.84778998218886	MSR1,CD36,THBS1	0.038444195462314215	0	0
