Rank	Term name	P-value	Z-score	Combined score	Overlapping genes	Adjusted p-value	Old p-value	Old adjusted p-value
1	syntaxin-1 binding (GO:0017075)	3.9641088712755006e-05	16.073242667540555	162.91267177392922	UNC13B,STXBP1,LRRK2,VAMP2,VAMP3	0.01684746270292088	0	0
2	guanyl-nucleotide exchange factor activity (GO:0005085)	9.179483983636447e-05	4.4028000164223835	40.92822850572822	ABR,AKAP13,DOCK4,FGD5,RASGEF1B,ELMO1,SH3BP5,RAPGEF2,DENND3,ARHGEF2,RAPGEF5	0.01692944022120207	0	0
3	GTPase activator activity (GO:0005096)	0.0001557022113010167	2.966664558734518	26.010425173389915	DOCK4,RALGAPA1,LRRK2,TBC1D2B,DENND3,ARAP1,ABR,AKAP13,TBC1D1,FGD5,RGS3,RASGEF1B,ELMO1,SH3BP5,RAPGEF2,ARHGEF2,RAPGEF5	0.01692944022120207	0	0
4	protein tyrosine kinase activity (GO:0004713)	0.00015933590796425478	5.003072983354674	43.749351468016286	PEAK1,AATK,FYN,FGFR4,HIPK1,ROS1,HIPK3,FGFR1,TTN	0.01692944022120207	0	0
5	histone acetyltransferase binding (GO:0035035)	0.0005054452829418147	12.822875816993465	97.32653491052784	EGR1,EPAS1,CITED2,KANSL1L	0.04296284905005425	0	0
