Rank	Term name	P-value	Z-score	Combined score	Overlapping genes	Adjusted p-value	Old p-value	Old adjusted p-value
1	microtubule motor activity (GO:0003777)	0.0002209045551098438	28.88969521044993	243.1870935525361	CENPE,DYNLRB1,KIF1A	0.01437551768192304	0	0
2	motor activity (GO:0003774)	0.000359387942048076	24.29181929181929	192.66104558485847	CENPE,DYNLRB1,KIF1A	0.01437551768192304	0	0
