Rank	Term name	P-value	Z-score	Combined score	Overlapping genes	Adjusted p-value	Old p-value	Old adjusted p-value
1	ESC V6.5 UP EARLY.V1 DN	6.875254637079586e-05	13.162341982701264	126.16100557387368	APP,AHNAK,COL4A2,CAV1,ZFP36L1	0.007287769915304361	0	0
2	CSR LATE UP.V1 DN	0.0008555920003709937	10.363541121005762	73.2051208766897	ACVRL1,TNXB,SVEP1,APOL3	0.02846518275049811	0	0
3	ESC J1 UP LATE.V1 UP	0.00131713046993471	9.189955824226924	60.95054213016421	APP,GADD45B,COL4A2,SLCO2A1	0.02846518275049811	0	0
4	IL15 UP.V1 UP	0.0013426972995517978	9.140610545790935	60.44754105675969	ACVRL1,MAF,GADD45B,HEG1	0.02846518275049811	0	0
5	TGFB UP.V1 UP	0.0013426972995517978	9.140610545790935	60.44754105675969	GADD45B,SLCO2A1,LMCD1,ZFP36L1	0.02846518275049811	0	0
