Rank	Term name	P-value	Z-score	Combined score	Overlapping genes	Adjusted p-value	Old p-value	Old adjusted p-value
1	LTE2 UP.V1 UP	6.804297418918533e-05	4.199375381412213	40.29456508478858	SDCBP,RCAN1,PLCB4,PROS1,PLAGL1,ECI2,RFTN1,ANXA6,ACTG2,ASRGL1,SASH1,PNRC1	0.007104681626163061	0	0
2	RAF UP.V1 DN	8.30956915340709e-05	4.106238809114209	38.580239428742814	SERPINA3,SH3BGRL,KITLG,MYO1B,PLCB4,EPB41L2,ID2,TSC22D3,TRPS1,MGP,TTC39A,SLC19A2	0.007104681626163061	0	0
3	GCNP SHH UP EARLY.V1 DN	0.00045799351071348064	3.896575821104123	29.959429284476496	CNN1,EGR1,SLC43A3,ANKRD44,ID2,MGP,EMP1,TERF2IP,CYBA,ETS1	0.026105630110668396	0	0
4	KRAS.KIDNEY UP.V1 UP	0.0006207397742001811	4.091841958302308	30.216610425383564	MEF2C,NRN1,LMO3,PLCL1,SPARCL1,EMP1,ATP1A2,SORBS1,SOBP	0.02653662534705774	0	0
