Rank	Term name	P-value	Z-score	Combined score	Overlapping genes	Adjusted p-value	Old p-value	Old adjusted p-value
1	NFE2L2.V2	4.051067856003208e-07	4.616571042414766	67.9518407088821	NQO1,GPX2,IGFBP3,TXNRD1,AKR1C1,GSR,CYP4F11,PTGR1,ALDH3A1,GCLC,UCHL1,PTPRZ1,MTHFD2,TRIM29,SPP1,PHGDH,CBR3,UGT1A6	6.279155176804972e-05	0	0
2	RB DN.V1 DN	0.00015114780253288067	6.659905341446923	58.58886808341688	SLC7A5,LAMB3,IGFBP3,DDIT3,TNC,NDRG1,CTSC	0.011704254381429796	0	0
3	RB P107 DN.V1 UP	0.0002892260110464165	5.954627949183303	48.5201076037511	COL1A1,FEN1,PRDX4,PAQR4,CA2,PRC1,FANCA	0.011704254381429796	0	0
4	MEL18 DN.V1 UP	0.00030204527435947863	5.9098902041516554	47.8992679049977	SLC7A5,JAG1,LAMB3,DDX11,FZD6,SPP1,PTHLH	0.011704254381429796	0	0
5	MEK UP.V1 UP	0.0004251050848005844	4.82868035911942	37.485886596845695	ALDH3A1,GPX2,CLDN4,ITGB4,TRIM29,TMPRSS4,PACSIN3,AKR1C2	0.013178257628818116	0	0
6	SINGH KRAS DEPENDENCY SIGNATURE 	0.0007419626894368861	19.631857237276932	141.47131734964722	LAD1,SEMA4B,CLDN7	0.01916736947711956	0	0
7	SIRNA EIF4GI UP	0.0017249479019543048	6.227588383838384	39.62339497464807	NQO1,CA2,TNNT1,HSPB1,CTSC	0.03819527497184532	0	0
8	P53 DN.V1 UP	0.0019724308582487657	4.223492531808962	26.305974912173248	COL17A1,SUN1,UCHL1,ITGB4,KRT15,SULF1,PITX1	0.03821584787856984	0	0
