Rank	Term name	P-value	Z-score	Combined score	Overlapping genes	Adjusted p-value	Old p-value	Old adjusted p-value
1	KRAS.50 UP.V1 UP	0.00030595321755068756	96.34299516908213	779.6150655284314	RBP4,CALB1	0.014379801224882315	0	0
2	KRAS.LUNG.BREAST UP.V1 DN	0.0027505014992319104	30.840714840714842	181.83599179531822	RYR1,RARRES2	0.03275743104546177	0	0
3	KRAS.LUNG.BREAST UP.V1 UP	0.0027505014992319104	30.840714840714842	181.83599179531822	RBP4,CALB1	0.03275743104546177	0	0
4	KRAS.300 UP.V1 UP	0.002787866471954193	30.625	180.15090960801191	RBP4,CALB1	0.03275743104546177	0	0
5	ESC J1 UP LATE.V1 UP	0.004714930774491123	23.280423280423282	124.71371744924211	RBP4,HLA-DRB1	0.0380717766970672	0	0
6	P53 DN.V1 UP	0.004860226812391557	22.913194444444443	122.05102941405032	CALB1,LPCAT4	0.0380717766970672	0	0
