Rank	Term name	P-value	Z-score	Combined score	Overlapping genes	Adjusted p-value	Old p-value	Old adjusted p-value
1	CSR LATE UP.V1 DN	3.270236662227448e-05	26.522088353413654	273.9218022941447	ACVRL1,TNXB,TSC22D3,SVEP1	0.001373499398135528	0	0
2	ESC V6.5 UP EARLY.V1 DN	0.00085344197106955	18.507318592338834	130.77702551592733	APP,AHNAK,COL4A2	0.016662117229382444	0	0
3	IL21 UP.V1 UP	0.0011901512306701746	16.44432132963989	110.73071370824228	CDH5,HEG1,FAM107A	0.016662117229382444	0	0
