Rank	Term name	P-value	Z-score	Combined score	Overlapping genes	Adjusted p-value	Old p-value	Old adjusted p-value
1	G protein-coupled receptor binding (GO:0001664)	0.021297899765153783	69.91197183098592	269.10144361295085	GNAI2	0.041124869208405246	0	0
2	GTPase activity (GO:0003924)	0.03205273440608554	46.0046511627907	158.27314972299234	GNAI2	0.041124869208405246	0	0
3	nucleoside-triphosphatase activity (GO:0017111)	0.041124869208405246	35.5956678700361	113.59083966573887	GNAI2	0.041124869208405246	0	0
