Rank	Term name	P-value	Z-score	Combined score	Overlapping genes	Adjusted p-value	Old p-value	Old adjusted p-value
1	FAD binding (GO:0071949)	6.214614729810021e-05	46.03081664098613	445.8554903403633	STEAP4,MICAL2,PRODH	0.007457537675772025	0	0
2	flavin adenine dinucleotide binding (GO:0050660)	0.0006634813871668865	19.445241199478488	142.30046482664568	STEAP4,MICAL2,PRODH	0.03980888323001319	0	0
