Rank	Term name	P-value	Z-score	Combined score	Overlapping genes	Adjusted p-value	Old p-value	Old adjusted p-value
1	NFE2L2.V2	1.1180534602852593e-08	4.4433951399285965	81.35452842122496	NQO1,ARHGAP8,ABCC2,ABCB6,AKR1C1,IGFBP3,GSR,AKR1C3,HJURP,OSGIN1,FNDC9,PTGR1,CYP4F11,CPLX2,STXBP5L,UCHL1,GCLC,PTPRZ1,ZNF714,SPP1,PHGDH,B4GALNT1,UGT1A7,CBR3	1.844788209470678e-06	0	0
2	CSR LATE UP.V1 UP	6.773607394421062e-05	4.995918783797571	47.9602791164342	CXCL6,DTYMK,UBE2C,UHRF1,IGFBP3,FANCA,PBK,BIRC5,FOXM1,TUBG1	0.005588226100397376	0	0
3	LEF1 UP.V1 UP	0.0008483730676828833	3.8952608522500998	27.548025160677714	SLC6A8,S100A2,CDKN2A,PAX6,KRT5,SCN5A,BMP7,CHGB,STRA6	0.04666051872255858	0	0
4	SNF5 DN.V1 DN	0.0011478742803808111	4.117696511139134	27.876160956563893	GABRB1,UCHL1,PTPRZ1,CDKN2A,DIO2,DSG2,SLC1A6,CBR3	0.047349814065708457	0	0
