Rank	Term name	P-value	Z-score	Combined score	Overlapping genes	Adjusted p-value	Old p-value	Old adjusted p-value
1	ERB2 UP.V1 UP	0.00013612359169241304	11.302905513612446	100.61786947290489	ABCC3,MUC1,GDF15,NPC2,AQP3	0.007910411528329477	0	0
2	MEK UP.V1 UP	0.0001536002238510578	11.004233039991089	96.62990106870298	ABCC3,CLDN4,GDF15,NPC2,AQP3	0.007910411528329477	0	0
3	CRX DN.V1 DN	0.0004065228793369488	12.703846153846154	99.18998367528728	LAD1,PLAT,TIMP1,CXCL13	0.01395728552390191	0	0
4	ESC V6.5 UP LATE.V1 DN	0.00138393467090552	9.050366300366301	59.57697415640536	GGCT,TCEA3,SPP1,TIMP1	0.033273463787346684	0	0
5	P53 DN.V1 UP	0.0016152166887061494	8.66578947368421	55.70617452819034	CLDN3,AGR2,MSLN,ASS1	0.033273463787346684	0	0
