Rank	Term name	P-value	Z-score	Combined score	Overlapping genes	Adjusted p-value	Old p-value	Old adjusted p-value
1	ALK DN.V1 UP	1.2722154501065724e-05	13.142224681793028	148.14133343055946	SLC7A5,FBXL8,STEAP4,AQP7,CFTR,SCN1A	0.0012849376046076381	0	0
2	ERB2 UP.V1 UP	0.0005891467381781297	8.04130009775171	59.80182421825783	ABCC3,MUC1,BCAM,ASPH,LMO3	0.02079260321536413	0	0
3	NOTCH DN.V1 UP	0.0006176020757038851	7.9549484203739524	58.784413451574395	DHX32,ATP8A1,LMO3,RANBP17,SCTR	0.02079260321536413	0	0
