Rank	Term name	P-value	Z-score	Combined score	Overlapping genes	Adjusted p-value	Old p-value	Old adjusted p-value
1	KRAS.300 UP.V1 UP	0.0010850622203665387	55.13611111111111	376.36559762050274	ANO1,CALB1	0.02495643106843039	0	0
2	KRAS.600 UP.V1 UP	0.004109047626495422	27.660350877192982	151.98156811218422	ANO1,CALB1	0.031717685664500304	0	0
3	KRAS.600.LUNG.BREAST UP.V1 UP	0.004137089434500039	27.56223776223776	151.255022346927	ANO1,CALB1	0.031717685664500304	0	0
