Rank	Term name	P-value	Z-score	Combined score	Overlapping genes	Adjusted p-value	Old p-value	Old adjusted p-value
1	RB P130 DN.V1 DN	0.006949918172816034	19861.0	98689.81333375497	GABRP	0.009599901191111601	0	0
2	JNK DN.V1 UP	0.009599901191111601	19808.0	92028.0169882316	GABRP	0.009599901191111601	0	0
