Rank	Term name	P-value	Z-score	Combined score	Overlapping genes	Adjusted p-value	Old p-value	Old adjusted p-value
1	NFE2L2.V2	2.9238175770086515e-10	7.784195408697201	170.8861364966868	NQO1,GPX2,IGFBP3,TXNRD1,AKR1C1,GSR,CYP4F11,PTGR1,ALDH3A1,GCLC,UCHL1,PTPRZ1,MTHFD2,TRIM29,SPP1,PHGDH,CBR3,UGT1A6	3.800962850111247e-08	0	0
2	MEK UP.V1 UP	0.00013995902440324542	6.7544581618655695	59.940148257484715	ALDH3A1,GPX2,CLDN4,ITGB4,TRIM29,TMPRSS4,AKR1C2	0.007164895219630515	0	0
3	MEL18 DN.V1 UP	0.00016534373583762727	8.053007135575942	70.12143081321152	SLC7A5,JAG1,DDX11,FZD6,SPP1,PTHLH	0.007164895219630515	0	0
4	MTOR UP.V1 UP	0.0004522744236726496	6.6192660550458715	50.976433596261145	GPX2,BDH1,UBE2C,TMPRSS4,SLC2A1,HSPE1	0.014698918769361111	0	0
5	ESC V6.5 UP LATE.V1 DN	0.0007260434610524932	6.025993883792049	43.55528529770359	GPX2,BDH1,SEMA4B,SPP1,C16ORF74,CBR3	0.01887712998736482	0	0
6	P53 DN.V1 UP	0.0009038321290336576	5.767226234628148	40.42172113444653	COL17A1,UCHL1,ITGB4,KRT15,SULF1,PITX1	0.019583029462395915	0	0
