Rank	Term name	P-value	Z-score	Combined score	Overlapping genes	Adjusted p-value	Old p-value	Old adjusted p-value
1	cadherin binding (GO:0045296)	2.0778125941115844e-08	4.441561423650976	78.56840137518182	LAD1,ANXA1,JUP,OLA1,TWF1,SCRIB,SLC3A2,ENO1,NDRG1,YWHAZ,LDHA,CDH3,PKM,TRIM29,PRDX1,MICALL1,FSCN1,ITGA6,RPS2,PKP3,ALDOA,S100A11,NCK1	9.017706658444277e-06	0	0
2	protein homodimerization activity (GO:0042803)	1.5087242119524946e-06	2.8730982854383	38.51171665129024	TENM2,SHMT2,HSPB1,ENO1,IRAK1,IMPA2,STC2,HSD17B1,UGT1A3,S100A11,UGT1A7,UGT1A6,TBX1,GSTM3,NTRK2,G6PD,GSTM1,TPI1,JUP,BNIP3,SLC51A,GRHL1,TPD52L1,KNSTRN,MSH6,GGCT,ANO1,SNRPC,MAP3K13,BCL2L2	0.0003273931539936913	0	0
3	DNA secondary structure binding (GO:0000217)	2.3220179125165185e-05	12.383207070707071	132.1348731914592	YY1,RECQL4,MSH6,RBBP8,HMGA1,HMGB3	0.002243812039497841	0	0
4	oxidoreductase activity, acting on the CH-OH group of donors, NAD or NADP as acceptor (GO:0016616)	2.5623090198508596e-05	6.468150760414371	68.38139754753503	CBR1,UGDH,G6PD,LDHA,RDH10,AKR1C1,PHGDH,PTGR1,CBR3	0.002243812039497841	0	0
5	RNA binding (GO:0003723)	2.5850369118638725e-05	2.0331315110174164	21.4763456583866	EIF4A2,SLBP,SRSF1,HMGB3,HSPB1,SLC3A2,ENO1,MRPL15,DUSP14,YY1,PSMD4,SNRPD1,PRDX1,SAP18,RPL37,RPS2,HNRNPA1,RAE1,ZNF385A,NQO1,PUS1,DDX11,MRPS23,PDAP1,RPL35A,IMP4,ZCRB1,SMC1A,LSM4,YWHAZ,U2SURP,CHERP,PKM,CLNS1A,ESRP1,TCP1,FSCN1,RPL22L1,PABPC1,PKP3,ALDOA,SNRPC,GRSF1,PPIA,SNRPB,DAP3,EIF4G1	0.002243812039497841	0	0
6	oxidoreductase activity, acting on NAD(P)H, quinone or similar compound as acceptor (GO:0016655)	0.0001549490548095813	18.483992467043315	162.14923750481628	NQO1,CBR1,AKR1C1,AKR1C2	0.01120798163122638	0	0
7	monocarboxylic acid binding (GO:0033293)	0.00020700493197987823	10.686424057528873	90.6504553776893	AKR1C1,AKR1C2,UGT1A3,UGT1A7,UGT1A6	0.01283430578275245	0	0
8	cadherin binding involved in cell-cell adhesion (GO:0098641)	0.0002532443050312631	15.841807909604519	131.18848107887757	ANXA1,TRIM29,PKP3,S100A11	0.013738503547946024	0	0
