Rank	Term name	P-value	Z-score	Combined score	Overlapping genes	Adjusted p-value	Old p-value	Old adjusted p-value
1	cholesterol transfer activity (GO:0120020)	0.0017992006270532422	1175.3529411764705	7428.715784274185	NPC2	0.0047477733229256205	0	0
2	sterol transfer activity (GO:0120015)	0.001899109329170248	1110.0	6955.671007291959	NPC2	0.0047477733229256205	0	0
3	cholesterol binding (GO:0015485)	0.004993807445783005	407.1224489795918	2157.568479810259	NPC2	0.007488842797097295	0	0
4	sterol binding (GO:0032934)	0.0059910742376778365	337.9491525423729	1729.4495649366188	NPC2	0.007488842797097295	0	0
5	protein heterodimerization activity (GO:0046982)	0.01871196104197388	105.94117647058823	421.49675231538964	CEACAM8	0.01871196104197388	0	0
