Rank	Term name	P-value	Z-score	Combined score	Overlapping genes	Adjusted p-value	Old p-value	Old adjusted p-value
1	transforming growth factor beta-activated receptor activity (GO:0005024)	0.00022922592789026422	110.84444444444445	928.9653922440635	ACVRL1,LTBP4	0.010024041263888945	0	0
2	cadherin binding (GO:0045296)	0.0003403348105861627	9.389637701940542	74.98170949872532	CDH5,PTPRB,PPFIBP1,AHNAK,SPTAN1	0.010024041263888945	0	0
3	calcium ion binding (GO:0005509)	0.00048528492663554217	8.6664016255853	66.1313553346627	CDH5,SPARC,LTBP4,FBLN1,EML1	0.010024041263888945	0	0
4	transmembrane receptor protein serine/threonine kinase activity (GO:0004675)	0.0005275811191520497	69.25694444444444	522.6965599068795	ACVRL1,LTBP4	0.010024041263888945	0	0
5	semaphorin receptor binding (GO:0030215)	0.0008671965195517725	52.75396825396825	371.9283977853874	SEMA5A,SEMA6A	0.011137655730011815	0	0
6	transforming growth factor beta binding (GO:0050431)	0.0009449004432908564	50.35353535353536	350.6837219229394	ACVRL1,LTBP4	0.011137655730011815	0	0
7	chemorepellent activity (GO:0045499)	0.0010258367119747723	48.16183574879227	331.4616349082861	SEMA5A,SEMA6A	0.011137655730011815	0	0
8	metal ion binding (GO:0046872)	0.002809713565719944	5.7558001893939394	33.81344243924154	CDH5,SPARC,LTBP4,FBLN1,EML1	0.02669227887433947	0	0
