Rank	Term name	P-value	Z-score	Combined score	Overlapping genes	Adjusted p-value	Old p-value	Old adjusted p-value
1	NFE2L2.V2	4.068442546061251e-08	8.313675213675214	141.47730688308312	NQO1,ARHGAP8,IGFBP3,AKR1C1,GSR,AKR1C3,CYP4F11,STXBP5L,UCHL1,GCLC,PTPRZ1,CBR3,UGT1A6	4.760077778891663e-06	0	0
2	GCNP SHH UP LATE.V1 DN	0.0006934151904806619	7.728767123287671	56.218137105664205	ESRP1,WNK2,SLC2A1,SSBP4,BCL2L2	0.04056478864311872	0	0
