Rank	Term name	P-value	Z-score	Combined score	Overlapping genes	Adjusted p-value	Old p-value	Old adjusted p-value
1	Pathways of neurodegeneration	0.00016342399980676843	2.4836271898139786	21.655149078967874	APP,PRNP,COX7B,DNAH17,HSPA5,DCTN2,NDUFA12,NDUFA1,UBE2G1,CSNK1E,COX7C,PSMD8,ATXN2L,PSMD9,PSMC6,ATP5F1B,NDUFS8,ALS2,TUBB3,TARDBP,SQSTM1,STX1A,SLC25A6	0.013667572452366562	0	0
2	Parkinson disease	0.00023484297460355696	3.101121794871795	25.914814110734255	COX7B,HSPA5,NDUFA12,NDUFA1,UBE2G1,COX7C,GNAI1,PSMD8,PSMD9,ATP5F1B,PSMC6,NDUFS8,TUBB3,DRD2,SLC25A6	0.013667572452366562	0	0
3	Amyotrophic lateral sclerosis	0.00023564496714780834	2.675742936612502	22.350973787647767	COX7B,DNAH17,HSPA5,DCTN2,NDUFA12,NDUFA1,NRG1,COX7C,PSMD8,ATXN2L,PSMD9,ATP5F1B,PSMC6,NDUFS8,ALS2,TUBB3,TARDBP,SQSTM1,NUP37	0.013667572452366562	0	0
4	Protein processing in endoplasmic reticulum	0.00024626256670930743	3.637998033615806	30.228534015286545	PDIA3,BCAP31,NSFL1C,HSPA5,TUSC3,PLAA,HYOU1,UBE2G1,P4HB,HSPBP1,CRYAB,UGGT1	0.013667572452366562	0	0
5	Huntington disease	0.0007057056759151103	2.6680494339296517	19.36019991651388	COX7B,DNAH17,DCTN2,NDUFA12,NDUFA1,COX7C,PSMD8,PSMD9,ATP5F1B,PSMC6,NDUFS8,TUBB3,CLTCL1,STX1A,RCOR1,SLC25A6	0.0313333320106309	0	0
