Rank	Term name	P-value	Z-score	Combined score	Overlapping genes	Adjusted p-value	Old p-value	Old adjusted p-value
1	ECM-receptor interaction	6.779702485769027e-06	11.160574517872993	132.828440762426	TNXB,COL4A2,LAMA4,ITGA1,COL4A3,NPNT,ITGA9	0.0013491607946680365	0	0
2	Cell adhesion molecules	2.570803875312069e-05	7.406015037593985	78.27200165922369	CDH5,CADM1,ITGB2,ICAM2,PECAM1,ESAM,HLA-DOA,ITGA9	0.0025579498559355086	0	0
3	Hypertrophic cardiomyopathy	8.535744065830136e-05	9.16326530612245	85.84754403095772	DES,TNNC1,ITGA1,CACNA1D,ITGA9,TTN	0.005662043563667323	0	0
4	Dilated cardiomyopathy	0.0001221857798208648	8.54978354978355	77.0332752164515	DES,TNNC1,ITGA1,CACNA1D,ITGA9,TTN	0.0060787425460880245	0	0
5	Amoebiasis	0.000170627195025294	8.012987012987013	69.52091192807475	COL4A2,IL1R1,LAMA4,COL4A3,ITGB2,SERPINB6	0.006790962362006701	0	0
6	Osteoclast differentiation	0.0005561302393328561	6.349361382419234	47.58533997855037	SOCS3,SPI1,TYROBP,IL1R1,FOSB,FOS	0.018444986271206394	0	0
7	Malaria	0.0006822267823854245	11.033444816053512	80.43545040217761	CSF3,ITGB2,PECAM1,ACKR1	0.019394732813528496	0	0
8	Circadian entrainment	0.0010972292929626447	6.924263674614306	47.18862914345036	PER1,CACNA1D,FOS,GNG11,PRKG1	0.027293578662445788	0	0
9	PI3K-Akt signaling pathway	0.0022380570911043666	3.367981572127843	20.551919183746133	CSF3,TNXB,COL4A2,LAMA4,ITGA1,COL4A3,FGFR4,GNG11,ITGA9	0.04948592901441877	0	0
