Rank	Term name	P-value	Z-score	Combined score	Overlapping genes	Adjusted p-value	Old p-value	Old adjusted p-value
1	nuclease activity (GO:0004518)	0.011946886102556297	112.63841807909604	498.6823350537484	N4BP1	0.024531720497893234	0	0
2	ribonuclease activity (GO:0004540)	0.013135663858227446	102.2102564102564	442.81820021177793	N4BP1	0.024531720497893234	0	0
3	ubiquitin binding (GO:0043130)	0.01471903229873594	90.97260273972603	383.77828720274067	N4BP1	0.024531720497893234	0	0
