Rank	Term name	P-value	Z-score	Combined score	Overlapping genes	Adjusted p-value	Old p-value	Old adjusted p-value
1	MEK UP.V1 UP	0.00035335482397363027	9.06907320657665	72.08133700880018	ABCC3,BCAM,CLDN4,PEG10,MICAL2	0.03286199862954761	0	0
2	ALK DN.V1 UP	0.0010670624165250236	9.683052090975789	66.2596324399931	FBXL8,STEAP4,AQP7,CFTR	0.0496184023684136	0	0
