Rank	Term name	P-value	Z-score	Combined score	Overlapping genes	Adjusted p-value	Old p-value	Old adjusted p-value
1	DNA replication	8.019109400886862e-06	7.278519883310302	85.40384639940716	POLA2,RNASEH1,RFC4,MCM7,RFC2,POLD1,MCM3,MCM5,DNA2,MCM2	0.002245316833465847	0	0
2	Cell cycle	1.4919048727347819e-05	3.441010885723877	38.239512572016835	MCM7,CDKN2A,TTK,SMC1A,CDC25A,CDK7,FZR1,WEE1,ORC6,TFDP1,DBF4,TFDP2,CCNE1,CDK4,MCM3,MCM5,TP53,BUB1,MCM2	0.002245316833465847	0	0
