Rank	Term name	P-value	Z-score	Combined score	Overlapping genes	Adjusted p-value	Old p-value	Old adjusted p-value
1	MHC class II receptor activity (GO:0032395)	8.893639078336726e-07	47.519417475728154	662.0766076685268	HLA-DOA,HLA-DQA1,HLA-DRB1,HLA-DPA1,HLA-DQB1	0.0004099967615113231	0	0
2	transforming growth factor beta binding (GO:0050431)	0.00011786758723966891	12.496167603474706	113.03969115771373	ACVRL1,LTBP4,CD36,THBS1,ENG	0.016267434774789508	0	0
3	lipoprotein particle binding (GO:0071813)	0.00011786758723966891	12.496167603474706	113.03969115771373	MSR1,APOA2,LPL,CD36,THBS1	0.016267434774789508	0	0
4	calcium ion binding (GO:0005509)	0.00014114910867496318	2.7938018359273573	24.768991386176904	MCTP1,TNNC1,LTBP4,LPL,SYT15,FBLN1,AIF1,THBS1,TTN,SELP,CDH5,CLEC3B,SCUBE1,RGN,ENPP2,CAPN3,SLIT3,SLIT2,TGM2	0.016267434774789508	0	0
5	metal ion binding (GO:0046872)	0.00023858628305612367	2.364708979143118	19.72351626949408	MCTP1,TNNC1,LRRK2,LTBP4,SYT15,LPL,FBLN1,IRAK3,SEPTIN4,AIF1,THBS1,TTN,SELP,CDH5,CLEC3B,RAP2A,SCUBE1,RGN,ENPP2,CAPN3,SLIT3,SLIT2,FBP1,TGM2	0.019662131814254573	0	0
6	vascular endothelial growth factor-activated receptor activity (GO:0005021)	0.00029591224760446743	35.469202898550726	288.20314986349746	NRP1,PDGFRA,NRP2	0.019662131814254573	0	0
7	guanyl-nucleotide exchange factor activity (GO:0005085)	0.00029855731605158786	3.8176447490540446	30.986099257725815	DOCK11,ABR,AKAP13,DOCK4,DENND4A,RASGEF1B,SPATA13,SH3BP5,DENND3,ARHGEF2,RAPGEF5	0.019662131814254573	0	0
8	MHC class II protein complex binding (GO:0023026)	0.0003574081944680305	14.57999627491153	115.71606539628574	CD74,HLA-DMA,HLA-DOA,HLA-DRB1	0.020595647206220258	0	0
9	exopeptidase activity (GO:0008238)	0.0007948417207122275	6.068022984935549	43.309710385232876	CPM,ACE,MME,DPEP2,CTSH,LTA4H	0.040713559249815214	0	0
