Rank	Term name	P-value	Z-score	Combined score	Overlapping genes	Adjusted p-value	Old p-value	Old adjusted p-value
1	ESC V6.5 UP EARLY.V1 UP	0.016928034292920835	117.33136094674556	478.5693009004915	LTF	0.0190091247079765	0	0
2	CYCLIN D1 UP.V1 DN	0.0190091247079765	104.25263157894737	413.1360989582474	TPM3	0.0190091247079765	0	0
