Rank	Term name	P-value	Z-score	Combined score	Overlapping genes	Adjusted p-value	Old p-value	Old adjusted p-value
1	RNA transport	2.0659770366913546e-06	4.808253026933531	62.939586408046004	EIF2B5,EIF5B,PRMT5,NCBP2,ALYREF,RPP40,THOC3,EIF2S2,MAGOHB,RANGAP1,FXR1,SUMO2,TACC3,STRAP,RAN	0.0004793066725123943	0	0
2	Cell cycle	0.00010465890221307912	4.755360623781677	43.581948285752816	CDK7,WEE1,TFDP1,DBF4,CDK4,CDKN2A,MCM4,MCM5,TP53,BUB1	0.012140432656717179	0	0
3	Central carbon metabolism in cancer	0.00030870819016274117	5.989286807468626	48.41208861645211	LDHB,PDHA1,IDH2,PTEN,TP53,FGFR3,FGFR2	0.023873433372585316	0	0
4	Fanconi anemia pathway	0.00047012814422372703	6.724587912087912	51.52719020155628	FANCI,RAD51,UBE2T,RPA3,BRCA1,FANCG	0.02726743236497617	0	0
5	Huntington disease	0.0006183583802696698	2.808044141135473	20.747072295819677	NDUFA9,NDUFB5,TUBB,NDUFA4L2,CACNA1B,NDUFC2,COX5A,TUBA4A,ATP5MC1,PSMB3,TBPL1,HAP1,POLR2I,TP53,AP2M1	0.028691828844512678	0	0
