Rank	Term name	P-value	Z-score	Combined score	Overlapping genes	Adjusted p-value	Old p-value	Old adjusted p-value
1	MHC class II receptor activity (GO:0032395)	7.331137100865312e-07	49.47979797979798	698.9498953290974	HLA-DQA1,HLA-DQB2,HLA-DRB1,HLA-DPA1,HLA-DQB1	0.0003086408719464296	0	0
2	calcitonin family receptor activity (GO:0097642)	7.76384065040769e-05	73.85804020100502	698.9517467567771	RAMP2,CALCRL,CALCR	0.01634288456910819	0	0
3	vascular endothelial growth factor-activated receptor activity (GO:0005021)	0.0002637045635070218	36.925251256281406	304.2892223218515	PDGFRA,NRP2,FLT4	0.03700654041215206	0	0
