Rank	Term name	P-value	Z-score	Combined score	Overlapping genes	Adjusted p-value	Old p-value	Old adjusted p-value
1	ECM-receptor interaction	3.769366605239628e-06	9.856	123.0876768829005	TNXB,COL4A2,COL4A1,LAMA4,COL4A3,NPNT,HSPG2,ITGA9	0.0007614120542584048	0	0
2	Cell adhesion molecules	2.5201980098675e-05	6.394454285817577	67.70824186101842	CDH5,CADM1,ITGB2,ICAM2,PECAM1,ESAM,HLA-DOA,HLA-DPA1,ITGA9	0.00198987533197506	0	0
3	Complement and coagulation cascades	2.9552603940223665e-05	8.802015563209594	91.79920153545216	ITGB2,ITGAX,SERPING1,VSIG4,TFPI,A2M,CD55	0.00198987533197506	0	0
4	Amoebiasis	9.528068698833752e-05	7.220686043466876	66.85404617144363	COL4A2,IL1R1,COL4A1,LAMA4,COL4A3,ITGB2,SERPINB6	0.004811674692911045	0	0
