Rank	Term name	P-value	Z-score	Combined score	Overlapping genes	Adjusted p-value	Old p-value	Old adjusted p-value
1	ESC V6.5 UP EARLY.V1 DN	0.00011268603272564629	4.682266245573739	42.56603798760545	ESRRA,APP,CIZ1,COL3A1,COL1A2,TNFRSF12A,PLAU,TNC,FHL2,TM4SF1	0.010511426723577372	0	0
2	SINGH KRAS DEPENDENCY SIGNATURE 	0.00012897456102548924	18.670454545454547	167.21063750162182	LAMA3,CLDN7,TGFA,PRSS22	0.010511426723577372	0	0
