Rank	Term name	P-value	Z-score	Combined score	Overlapping genes	Adjusted p-value	Old p-value	Old adjusted p-value
1	AGE-RAGE signaling pathway in diabetic complications	0.00022704946838522581	5.371828281442875	45.07147989433894	STAT5A,EGR1,PLCB4,COL4A1,CASP3,STAT3,PRKCZ,PLCB2	0.04860559265324203	0	0
2	Viral myocarditis	0.00042082764201941157	6.834204110066179	53.12423139581176	CASP9,LAMA2,CASP3,HLA-DRA,DMD,CD55	0.04860559265324203	0	0
