Rank	Term name	P-value	Z-score	Combined score	Overlapping genes	Adjusted p-value	Old p-value	Old adjusted p-value
1	MEK UP.V1 UP	6.921913390511377e-05	9.589797570850202	91.85331778166506	ABCC3,BCAM,CLDN4,ASPH,PEG10,MICAL2	0.00789098126518297	0	0
2	ERB2 UP.V1 UP	0.0005891467381781297	8.04130009775171	59.80182421825783	ABCC3,MUC1,BCAM,ASPH,LMO3	0.03358136407615339	0	0
