Rank	Term name	P-value	Z-score	Combined score	Overlapping genes	Adjusted p-value	Old p-value	Old adjusted p-value
1	cadherin binding (GO:0045296)	1.05581740389975e-05	8.618493301120141	98.75595531444273	RPL7A,LDHA,PKM,MICALL1,SCRIB,SLC3A2,ALDOA,NDRG1	0.00118251549236772	0	0
2	RNA binding (GO:0003723)	0.0005938623848327783	3.264746915168836	24.253357369215674	MAZ,SLC3A2,NOL3,MRPL11,HNRNPM,C7ORF50,RPL7A,PKM,FAM120A,LONP1,FKBP4,ALDOA,DAP3	0.033256293550635585	0	0
