Rank	Term name	P-value	Z-score	Combined score	Overlapping genes	Adjusted p-value	Old p-value	Old adjusted p-value
1	ERB2 UP.V1 UP	2.2954834483672658e-05	4.727104047758305	50.49484030659621	CAST,SLC9A3R2,PTPRE,VIPR1,DAB2,EDN1,MUC1,EPAS1,NPC2,PLEKHB1,KRT7,DUSP6	0.00171883630016474	0	0
2	EGFR UP.V1 UP	2.5450112805266164e-05	4.674392165466622	49.44941488430819	PTPRE,RCAN1,EDN1,PCDH9,EPAS1,RNF19A,KRT7,CCL2,JUNB,DUSP6,ACTG2,RND1	0.00171883630016474	0	0
3	MEK UP.V1 UP	2.9635108623529998e-05	4.597472924187725	47.93578498349101	PTPRE,EDN1,PRKCH,PCDH9,EPAS1,NPC2,ARHGDIB,FHL1,KRT7,NEDD9,PPARG,CCNJL	0.00171883630016474	0	0
4	LTE2 UP.V1 UP	0.00010485537263718619	4.317591736666532	39.561784637578306	RCAN1,DAB2,EDN1,PRKCH,PCDH9,EPAS1,NPC2,DPYSL2,C4ORF19,CD302,ACTG2	0.0045612087097175995	0	0
5	BCAT BILD ET AL UP	0.0006898748221868602	7.869318181818182	57.28077014558455	TAGLN,ICAM5,AXIN2,CTSD,CAPS	0.024007643812102734	0	0
6	GCNP SHH UP LATE.V1 DN	0.0012600042946891996	3.672932330827068	24.522847466547457	LGALS4,NRP2,EDN1,SLC11A1,S1PR1,AMOTL2,PTH1R,HSPG2,RBKS	0.03654012454598679	0	0
7	TGFB UP.V1 UP	0.0019652768132224644	3.429976580796253	21.37603309763833	PHLDB1,HRH1,EDN1,TAGLN,PLEKHA1,TRIB1,JUNB,JAM2,HS3ST2	0.04885116650010126	0	0
8	RAF UP.V1 UP	0.0022602296851605918	3.355920550038197	20.445237315796742	CAST,RCAN1,PRKCH,EPAS1,NPC2,C4ORF19,PPARG,MAPRE2,JAM2	0.04915999565224287	0	0
