Rank	Term name	P-value	Z-score	Combined score	Overlapping genes	Adjusted p-value	Old p-value	Old adjusted p-value
1	guanyl-nucleotide exchange factor activity (GO:0005085)	1.3127416945494766e-08	7.344861264149054	133.29867662357114	DOCK4,ARHGEF15,DENND4A,DENND3,RASGRP2,PREX1,ABR,AKAP13,FGD5,RASGEF1B,SH3BP5,RAPGEF2,RIN3,ARHGEF2,RAPGEF5	4.8702716867785586e-06	0	0
2	GTPase activator activity (GO:0005096)	3.818336383146585e-07	4.184343543439755	61.837403953196365	DOCK4,ARHGEF15,DENND4A,LRRK2,RALGAPA2,TBC1D2B,ARHGEF10L,DENND3,RASGRP2,PREX1,ABR,AKAP13,FGD5,RGS3,RASGEF1B,SH3BP5,RAPGEF2,RIN3,ARHGEF2,RAPGEF5	7.083013990736915e-05	0	0
3	CD4 receptor binding (GO:0042609)	0.0002005626932000881	38.094193548387096	324.34857969128524	CD74,IL16,CD22	0.024802919725744228	0	0
4	MHC class II receptor activity (GO:0032395)	0.0004198845217008045	27.207373271889402	211.55176975571405	HLA-DOA,HLA-DPA1,HLA-DQB1	0.03356103213167939	0	0
5	actin binding (GO:0003779)	0.000491401026900773	3.8576312721092467	29.388399470125073	MACF1,MLPH,LRRK2,PHACTR1,DMD,CORO7,SORBS1,UTRN,MYH10,SYNE1	0.03356103213167939	0	0
6	protease binding (GO:0002020)	0.0005427660183020925	4.6681371087928465	35.098939777609885	ADAMTS4,CCBE1,SERPINA1,VWF,TIMP2,A2M,SERPINB6,TTN	0.03356103213167939	0	0
