Rank	Term name	P-value	Z-score	Combined score	Overlapping genes	Adjusted p-value	Old p-value	Old adjusted p-value
1	MHC class II receptor activity (GO:0032395)	3.956632142520488e-07	56.277936962750715	829.6888795134853	HLA-DOA,HLA-DQA1,HLA-DQB2,HLA-DPA1,HLA-DQB1	0.00015866094891507158	0	0
2	cytokine receptor activity (GO:0004896)	0.00016700337263000778	5.654913294797688	49.18358887410009	CCR1,CD74,IL4R,IL1R1,LIFR,IL6ST,IL2RG,EPOR	0.01829958250553313	0	0
3	calcium ion binding (GO:0005509)	0.0001697164265819747	2.9436470725344472	25.554923510718297	TNNC1,LTBP4,LPL,SYT15,FBLN1,AIF1,THBS1,TTN,SELP,CDH5,CLEC3B,RGN,ENPP2,CAPN3,SLIT3,SLIT2,TGM2	0.01829958250553313	0	0
4	vascular endothelial growth factor-activated receptor activity (GO:0005021)	0.00018253947636442028	41.97008547008547	361.30133162846835	NRP1,PDGFRA,NRP2	0.01829958250553313	0	0
5	metal ion binding (GO:0046872)	0.0003866410583104587	2.4347936646323745	19.132642200356578	TNNC1,LRRK2,LTBP4,LPL,SYT15,FBLN1,IRAK3,SEPTIN4,AIF1,THBS1,TTN,SELP,CDH5,RAP2A,CLEC3B,RGN,ENPP2,CAPN3,SLIT3,SLIT2,TGM2	0.031008612876498788	0	0
6	semaphorin receptor activity (GO:0017154)	0.000816329747341281	20.98076923076923	149.1877917519314	NRP1,NRP2,PLXND1	0.04676403266912195	0	0
7	platelet-derived growth factor binding (GO:0048407)	0.000816329747341281	20.98076923076923	149.1877917519314	PDGFRA,COL4A1,COL6A1	0.04676403266912195	0	0
