Rank	Term name	P-value	Z-score	Combined score	Overlapping genes	Adjusted p-value	Old p-value	Old adjusted p-value
1	transforming growth factor beta-activated receptor activity (GO:0005024)	0.00019420443968589212	120.93939393939394	1033.6205203504062	ACVRL1,LTBP4	0.007205866502278227	0	0
2	cadherin binding (GO:0045296)	0.00022896964185314811	10.330178759200841	86.58674363417474	CDH5,PTPRB,PPFIBP1,AHNAK,SPTAN1	0.007205866502278227	0	0
3	calcium ion binding (GO:0005509)	0.00032753938646719213	9.534499514091351	76.50389206653925	CDH5,SPARC,LTBP4,FBLN1,SLIT2	0.007205866502278227	0	0
4	transmembrane receptor protein serine/threonine kinase activity (GO:0004675)	0.0004472442885735218	75.56439393939394	582.7832554136846	ACVRL1,LTBP4	0.00737953076146311	0	0
5	transforming growth factor beta binding (GO:0050431)	0.0008014959660444926	54.93939393939394	391.66462157966185	ACVRL1,LTBP4	0.010579746751787302	0	0
6	metal ion binding (GO:0046872)	0.0019362072279263405	6.332356770833333	39.558386349081005	CDH5,SPARC,LTBP4,FBLN1,SLIT2	0.021298279507189745	0	0
