Rank	Term name	P-value	Z-score	Combined score	Overlapping genes	Adjusted p-value	Old p-value	Old adjusted p-value
1	BMI1 DN.V1 DN	0.0027133773902958064	31.059467918622847	183.54782496889186	EGR1,GPX3	0.030166505890580418	0	0
2	BMI1 DN MEL18 DN.V1 DN	0.0028254720814741654	30.412260536398467	178.49198459045135	GPX3,CTSH	0.030166505890580418	0	0
3	CYCLIN D1 UP.V1 UP	0.004571709884427514	23.659498207885303	127.47425305165838	EGR1,CD52	0.030166505890580418	0	0
4	ESC V6.5 UP LATE.V1 UP	0.004666959611265722	23.405437352245862	125.62277432326741	GPX3,CTSH	0.030166505890580418	0	0
5	ESC J1 UP LATE.V1 UP	0.004714930774491123	23.280423280423282	124.71371744924211	GPX3,CTSH	0.030166505890580418	0	0
6	IL2 UP.V1 UP	0.004763132509039014	23.15672514619883	123.81552975891361	EGR1,CD52	0.030166505890580418	0	0
