Rank	Term name	P-value	Z-score	Combined score	Overlapping genes	Adjusted p-value	Old p-value	Old adjusted p-value
1	RPS14 DN.V1 UP	6.089279394706428e-05	3.9683007971878728	38.517897858583574	CPM,SLC31A2,LST1,ITGB2,PTPN22,AZU1,AIF1,HCK,HLA-DMA,SPTLC3,CTSH,PTGDS,TRIM22	0.007256423649530887	0	0
2	KRAS.BREAST UP.V1 DN	8.107735921263561e-05	4.470670391061453	42.11419258294165	EGFL7,CYP21A2,DPEP2,KCNQ3,SERPING1,NDNF,MAML3,CAMK1,TSPAN12,APOL3,IL18R1	0.007256423649530887	0	0
3	ESC J1 UP LATE.V1 UP	0.0002340792380126806	3.652786254166471	30.536748366518523	TGFBR3,PDGFRA,DAB2,RAMP2,HNF4A,CA4,KRT7,PTPN21,CTSH,GKN2,PARVA,HLA-DRB1	0.013966727868089942	0	0
4	P53 DN.V2 UP	0.000432841640492845	3.934641314440273	30.47434241291152	CD83,PKD2L1,FPR3,NCKAP1L,ME3,CD68,APOL3,KCNK3,CYP17A1,HS3ST2	0.019369663412054813	0	0
5	CSR LATE UP.V1 DN	0.0012636148630111525	3.3897980501392757	22.622762114733305	SFTPB,CLEC3B,MME,DAAM2,SGIP1,NTN4,SVEP1,TBC1D2B,TRIM22,APOL3	0.045237412095799255	0	0
