Rank	Term name	P-value	Z-score	Combined score	Overlapping genes	Adjusted p-value	Old p-value	Old adjusted p-value
1	metalloendopeptidase activity (GO:0004222)	0.00818330320115419	245.88888888888889	1181.6582491518407	OMA1	0.03619075291058093	0	0
2	metallopeptidase activity (GO:0008237)	0.012063584303526977	165.65	731.7694643268431	OMA1	0.03619075291058093	0	0
3	protein heterodimerization activity (GO:0046982)	0.01871196104197388	105.94117647058823	421.49675231538964	GADD45A	0.03742392208394776	0	0
4	endopeptidase activity (GO:0004175)	0.03125252611551155	62.68789808917197	217.25463186360088	OMA1	0.04687878917326732	0	0
