Rank	Term name	P-value	Z-score	Combined score	Overlapping genes	Adjusted p-value	Old p-value	Old adjusted p-value
1	low-density lipoprotein particle binding (GO:0030169)	0.00044503356162541583	75.99238095238096	586.460626363802	CDH13,SORL1	0.03493974035356084	0	0
2	lipoprotein particle binding (GO:0071813)	0.0008958242762467574	51.79480519480519	363.4838376075078	CDH13,SORL1	0.03493974035356084	0	0
3	endopeptidase inhibitor activity (GO:0004866)	0.00124784786977003	15.638918067226891	104.56704391648223	USP14,FETUB,SERPINB8	0.03493974035356084	0	0
