Rank	Term name	P-value	Z-score	Combined score	Overlapping genes	Adjusted p-value	Old p-value	Old adjusted p-value
1	NFE2L2.V2	1.3501772598643651e-05	2.6912906862642756	30.176607027995747	CSTA,MCM10,TSKU,CAMKK1,TM9SF3,PANX2,NT5DC1,BRIP1,GCNT3,B4GALNT1,NRCAM,UGT1A9,CBR1,SREBF1,ABCC2,UGT1A1,TXNRD1,CYP4F3,STYK1,NDUFC2,PGD,EIF2S2,STXBP5L,DBF4,TKT,TMEM18,BCAT1	0.00240331552255857	0	0
2	RPS14 DN.V1 DN	0.00032341848860597796	3.320428661815881	26.684835598596734	CDCA3,PLK1,KRT13,MCM10,KIF23,MYO19,IPO4,NLE1,ALAD,EXO1,MCM5,TK1,BCAT1	0.023431098230806063	0	0
3	VEGF A UP.V1 DN	0.00043800917119525215	3.208753822629969	24.814161948952474	SLC30A9,RFC4,MRPL19,KIF23,VRK1,SMC4,NUDT21,ATIC,DBF4,EXO1,CCDC86,MCM4,BUB1	0.023431098230806063	0	0
4	CSR LATE UP.V1 UP	0.0005265415332765407	3.327974828375286	25.123482159318385	ANLN,CXCL6,PRMT5,CBFB,CHEK2,ITGA6,RPF2,UMPS,ILF2,DCTPP1,ZWINT,EZH2	0.023431098230806063	0	0
5	GCNP SHH UP LATE.V1 UP	0.0009106682637817356	3.1121281464530894	21.789041981997542	TOP2A,PSMC3IP,NAA30,RRM1,MYB,IDH2,MCM4,MCM10,MCM5,TK1,SMC4,TM9SF3	0.03241979019062979	0	0
6	HOXA9 DN.V1 DN	0.0015714169257391105	2.906253516899876	18.762126255975343	FANCI,SREBF1,HMGCS1,TBL1XR1,ZIC1,ADM,MSMO1,MCM10,MVD,BCAT1,FANCG,COCH	0.04661870213026028	0	0
