Rank	Term name	P-value	Z-score	Combined score	Overlapping genes	Adjusted p-value	Old p-value	Old adjusted p-value
1	CRX DN.V1 DN	0.00013058460379882205	11.284769721842226	100.92521654129139	LAD1,STEAP4,PLAT,TIMP1,CXCL13	0.01527839864446218	0	0
2	ERB2 UP.V1 UP	0.0006693040488366236	7.804000632511069	57.04156423609447	ABCC3,MUC1,GDF15,NPC2,CEACAM6	0.029327816387559744	0	0
3	MEK UP.V1 UP	0.0007519952919887114	7.597782568524792	54.649182261760615	ABCC3,CLDN4,GDF15,NPC2,CEACAM6	0.029327816387559744	0	0
