Rank	Term name	P-value	Z-score	Combined score	Overlapping genes	Adjusted p-value	Old p-value	Old adjusted p-value
1	cadherin binding (GO:0045296)	4.8656885478533836e-05	3.8099529780564265	37.835565678737716	YWHAE,RANBP1,HSPA5,DAB2IP,TWF1,HCFC1,ATXN2L,RPL7A,PPP1R13L,GIPC1,BSG,EPS8L1,PKP3,SCYL1	0.013380643506596806	0	0
2	ubiquitin protein ligase binding (GO:0031625)	0.00046337652949156733	3.5935667616016085	27.587706362625187	YWHAE,RALA,HSPA5,DIO2,UBXN7,NEDD8,STUB1,CALR,UBE2A,PA2G4,HSPBP1	0.043938972116915595	0	0
3	nuclear receptor coactivator activity (GO:0030374)	0.00047933424127544286	8.517461964038727	65.09991927461904	SS18,ZMIZ1,ACTN1,BUD31,ACTN4	0.043938972116915595	0	0
