Rank	Term name	P-value	Z-score	Combined score	Overlapping genes	Adjusted p-value	Old p-value	Old adjusted p-value
1	NFE2L2.V2	8.757257644236227e-08	6.378974336515722	103.66342302200471	NQO1,ARHGAP8,ABCB6,IGFBP3,AKR1C1,GSR,CYP4F11,PTGR1,STXBP5L,GCLC,UCHL1,PTPRZ1,TRIM29,CBR3,UGT1A6	1.0333564020198748e-05	0	0
2	CSR LATE UP.V1 UP	5.530318166868577e-05	7.893310463121784	77.37559752937729	CXCL6,FEN1,UHRF1,IGFBP3,MAZ,FANCA,PAICS	0.0032628877184524606	0	0
3	P53 DN.V1 UP	0.00011767447886241378	6.9569165573605085	62.94331753930476	PRDX2,UCHL1,CALB1,SCNN1A,SULF1,PITX1,DSC2	0.004628529501921609	0	0
4	PRC2 EZH2 UP.V1 UP	0.0008469461441671773	5.844236760124611	41.341391250341225	RAD54L,PILRB,SULF1,PITX1,NCAPH,OCEL1	0.02498491125293173	0	0
