Rank	Term name	P-value	Z-score	Combined score	Overlapping genes	Adjusted p-value	Old p-value	Old adjusted p-value
1	vascular endothelial growth factor-activated receptor activity (GO:0005021)	0.001049661432299498	1665.9166666666667	11427.001554688255	NRP2	0.004047695479709083	0	0
2	RNA polymerase II C-terminal domain binding (GO:0099122)	0.0011995541091196305	1427.857142857143	9603.48923469958	BRD4	0.004047695479709083	0	0
3	semaphorin receptor activity (GO:0017154)	0.0016491427308511233	999.35	6403.334808352065	NRP2	0.004047695479709083	0	0
4	RNA polymerase II CTD heptapeptide repeat kinase activity (GO:0008353)	0.0017989757687595922	908.4545454545455	5741.921288120221	BRD4	0.004047695479709083	0	0
5	acetylation-dependent protein binding (GO:0140033)	0.0031468008242819096	499.425	2877.3716896348615	BRD4	0.004720201236422864	0	0
6	lysine-acetylated histone binding (GO:0070577)	0.0031468008242819096	499.425	2877.3716896348615	BRD4	0.004720201236422864	0	0
7	RNA polymerase II complex binding (GO:0000993)	0.004792497734793632	322.03225806451616	1719.8788256956173	BRD4	0.006161782801877527	0	0
8	transmembrane receptor protein tyrosine kinase activity (GO:0004714)	0.00897337803301339	168.96610169491527	796.4205513462199	NRP2	0.010095050287140063	0	0
