Rank	Term name	P-value	Z-score	Combined score	Overlapping genes	Adjusted p-value	Old p-value	Old adjusted p-value
1	aryl sulfotransferase activity (GO:0004062)	0.0040434660343014565	312.234375	1720.6153032705638	SULT1E1	0.01078257609147055	0	0
2	guanosine-diphosphatase activity (GO:0004382)	0.0040434660343014565	312.234375	1720.6153032705638	ENTPD3	0.01078257609147055	0	0
3	uridine-diphosphatase activity (GO:0045134)	0.0040434660343014565	312.234375	1720.6153032705638	ENTPD3	0.01078257609147055	0	0
4	nucleoside-diphosphatase activity (GO:0017110)	0.00583590295074904	208.11458333333334	1070.4844511001115	ENTPD3	0.01167180590149808	0	0
5	sulfotransferase activity (GO:0008146)	0.01786007107272191	63.94871794871795	257.40559445949555	SULT1E1	0.023813428096962547	0	0
6	peptidase inhibitor activity (GO:0030414)	0.01786007107272191	63.94871794871795	257.40559445949555	GPC3	0.023813428096962547	0	0
7	pyrophosphatase activity (GO:0016462)	0.024043797089670676	47.02358490566038	175.29819860584723	ENTPD3	0.027478625245337913	0	0
8	phosphatidylinositol binding (GO:0035091)	0.040654126315732	27.335164835164836	87.54510068843584	MCF2L	0.040654126315732	0	0
