Rank	Term name	P-value	Z-score	Combined score	Overlapping genes	Adjusted p-value	Old p-value	Old adjusted p-value
1	pre-miRNA binding (GO:0070883)	0.0011995241237685768	1332.7333333333333	8963.738320936684	RAN	0.008793244123357365	0	0
2	CD4 receptor binding (GO:0042609)	0.001599128450752814	951.8571428571429	6128.338526995007	HLA-DRB1	0.008793244123357365	0	0
3	MHC class II receptor activity (GO:0032395)	0.0019986133767566044	740.2592592592592	4600.934595868677	HLA-DRB1	0.008793244123357365	0	0
4	nuclear export signal receptor activity (GO:0005049)	0.002198311030839341	666.2	4077.18792037783	RAN	0.008793244123357365	0	0
5	MHC class II protein complex binding (GO:0023026)	0.0033958692395375514	416.25	2366.4626333406177	HLA-DRB1	0.010866781566520165	0	0
6	GDP binding (GO:0019003)	0.013333689173978527	100.65656565656566	434.58083948016025	RAN	0.035556504463942734	0	0
