Rank	Term name	P-value	Z-score	Combined score	Overlapping genes	Adjusted p-value	Old p-value	Old adjusted p-value
1	ESC J1 UP LATE.V1 UP	0.00010887452490618865	3.085460148215366	28.155794187917497	PDGFRA,GADD45B,KRT7,PTPN21,GKN2,TMPRSS2,PTH1R,DAB2,HNF4A,APOC2,SLCO2A1,MYL3,CHST15,CTSH,APOB,HLA-DRB1,LGMN	0.011636267705133574	0	0
2	BCAT BILD ET AL UP	0.00012648117070797362	6.114242795588409	54.87787939631206	BMP4,IGSF8,TAGLN,B4GALT1,ICAM5,AXIN2,CTSD,CAPS	0.011636267705133574	0	0
