Rank	Term name	P-value	Z-score	Combined score	Overlapping genes	Adjusted p-value	Old p-value	Old adjusted p-value
1	ECM-receptor interaction	5.986374455162439e-06	11.38551440329218	136.92247624452685	TNXB,COL4A2,COL4A1,LAMA4,LAMA3,NPNT,HSPG2	0.001119452023115376	0	0
2	Focal adhesion	0.00019271687358703615	5.466495114233056	46.7619758665466	TNXB,COL4A2,CAV2,COL4A1,CAV1,LAMA4,LAMA3,MYLK	0.01801902768038788	0	0
3	Relaxin signaling pathway	0.0005466658699686053	6.370537877564206	47.853395989178146	EDN1,COL4A2,COL4A1,ADCY4,FOS,GNG11	0.024744794546884753	0	0
4	Vascular smooth muscle contraction	0.0006422765341898007	6.168639516086979	45.342532998255315	PPP1R14A,EDN1,ADCY4,MYH10,PRKG1,MYLK	0.024744794546884753	0	0
5	Hypertrophic cardiomyopathy	0.0007185054783226778	7.646284829721362	55.346388137396026	EDN1,DES,TNNC1,DMD,TTN	0.024744794546884753	0	0
6	Small cell lung cancer	0.0007939506271727728	7.469751966122202	53.32274434228488	COL4A2,GADD45B,COL4A1,LAMA4,LAMA3	0.024744794546884753	0	0
7	Dilated cardiomyopathy	0.0009623914672378132	7.1399652978600345	49.59483626846648	DES,TNNC1,ADCY4,DMD,TTN	0.02570960062478158	0	0
