Rank	Term name	P-value	Z-score	Combined score	Overlapping genes	Adjusted p-value	Old p-value	Old adjusted p-value
1	NFE2L2.V2	5.601477527840636e-06	5.585874799357946	67.54708013590381	ALDH3A1,NQO1,GCLC,GPX2,UCHL1,PTPRZ1,IGFBP3,AKR1C1,GSR,CYP4F11,CBR3,UGT1A6	0.0007337935561471233	0	0
2	MEL18 DN.V1 UP	8.071954068419483e-05	9.246315789473684	87.14217936541701	SLC7A5,JAG1,LAMB3,DDX11,FZD6,PTHLH	0.005287129914814761	0	0
3	CSR LATE UP.V1 UP	0.00023923240235777587	7.507799619530755	62.600596941021124	FEN1,UBE2C,IGFBP3,FANCA,BIRC5,FOXM1	0.010446481569622879	0	0
4	BMI1 DN MEL18 DN.V1 UP	0.000847153468591182	7.3508184523809526	51.99696029198577	SLC7A5,JAG1,LAMB3,TUFT1,PTHLH	0.027744276096361212	0	0
