Rank	Term name	P-value	Z-score	Combined score	Overlapping genes	Adjusted p-value	Old p-value	Old adjusted p-value
1	NFE2L2.V2	5.464313042085112e-16	7.443078833022967	261.57303548982884	LRP8,NT5DC1,UCHL1,PTPRZ1,STC2,GPC1,SPP1,UGT1A5,B4GALNT1,UGT1A3,UGT1A7,CBR3,UGT1A6,NQO1,CBR1,G6PD,GPX2,RRM2,UGT1A1,AKR1C1,IGFBP3,TXNRD1,GSR,AKR1C3,PTGR1,CYP4F11,ALDH3A1,GCLC,DBF4,TKT,PFN2	8.578971476073625e-14	0	0
2	MEL18 DN.V1 UP	2.456514714256579e-06	7.503435114503817	96.92012303936052	CA12,SLC7A5,JAG1,LAMB3,DDX11,STC2,ADAM12,FZD6,SPP1,PTHLH	0.00019283640506914145	0	0
3	CSR LATE UP.V1 UP	1.4360638104121759e-05	6.058024691358025	67.5531518229124	FEN1,RRM2,UBE2C,IGFBP3,MAZ,FANCA,PBK,BIRC5,FAM83D,FOXM1	0.0007515400607823721	0	0
4	BMI1 DN.V1 UP	2.575250299887034e-05	6.376378974691758	67.37906101107484	SLC7A5,JAG1,LAMB3,KRT17,STC2,ADAM12,B4GALNT1,GABRE,PTHLH	0.0010107857427056608	0	0
5	MEK UP.V1 UP	0.00023508917805749918	4.69383031367228	39.21951338746974	ALDH3A1,CLDN4,GPX2,ITGB4,TMPRSS4,AKR1C3,AKR1C2,BMP7,LRP8	0.007381800191005474	0	0
6	BMI1 DN MEL18 DN.V1 UP	0.0008657083838409066	4.910544727636182	34.62897700537881	SLC7A5,JAG1,LAMB3,TUFT1,STC2,ADAM12,PTHLH	0.022652702710503726	0	0
7	P53 DN.V1 UP	0.0010509462514866797	4.174172255935271	28.6267418504886	COL17A1,UCHL1,CALB1,CDKN2A,ITGB4,KRT15,SULF1,PITX1	0.023571223069058386	0	0
8	RB DN.V1 DN	0.002162795430889326	4.821078431372549	29.58384253325401	SLC7A5,LAMB3,IGFBP3,STC2,ADAM12,CTSC	0.04244486033120302	0	0
