Rank	Term name	P-value	Z-score	Combined score	Overlapping genes	Adjusted p-value	Old p-value	Old adjusted p-value
1	calcium ion binding (GO:0005509)	5.077288020870818e-05	3.4209806257999027	33.827163417546046	PLA2G4F,PLA2G1B,LTBP4,SYT15,SYT8,THBS1,SLC8A1,NAALADL1,SELP,CLEC3B,SCUBE1,RGN,ENPP2,CDHR3,CAPN3,EFHD1	0.009714608349411177	0	0
2	sodium ion binding (GO:0031402)	5.782504969887605e-05	68.9090909090909	672.4210068823243	SLC34A2,CAPN3,ATP1A2	0.009714608349411177	0	0
