Rank	Term name	P-value	Z-score	Combined score	Overlapping genes	Adjusted p-value	Old p-value	Old adjusted p-value
1	MHC class II receptor activity (GO:0032395)	0.00012606940653127512	41.362369337979096	371.37939383190604	HLA-DQA1,HLA-DRB1,HLA-DPA1	0.03517336442222576	0	0
2	calcium ion binding (GO:0005509)	0.0003003848228013564	3.545189504373178	28.75306861160478	SELP,CLEC3B,SCUBE1,RGN,ENPP2,LTBP4,CAPN3,SYT15,FBLN1,SLIT2,AIF1,THBS1	0.041903682780789216	0	0
