Rank	Term name	P-value	Z-score	Combined score	Overlapping genes	Adjusted p-value	Old p-value	Old adjusted p-value
1	Cellular senescence	1.5922183571647894e-05	97.25490196078431	1074.4524362849925	GADD45A,HLA-C,NFATC4	0.0009553310142988736	0	0
2	Kaposi sarcoma-associated herpesvirus infection	0.0018844377015039054	41.470157068062825	260.18898256381425	HLA-C,NFATC4	0.02549352945857258	0	0
3	Epstein-Barr virus infection	0.00206166091965034	39.586	244.8094572280866	GADD45A,HLA-C	0.02549352945857258	0	0
4	Human immunodeficiency virus 1 infection	0.0022675765707237485	37.68190476190476	229.4467613186399	HLA-C,NFATC4	0.02549352945857258	0	0
5	Human T-cell leukemia virus 1 infection	0.0024173295287360117	36.45345622119816	219.6354219331267	HLA-C,NFATC4	0.02549352945857258	0	0
6	Human cytomegalovirus infection	0.002549352945857258	35.46188340807175	211.775378231324	HLA-C,NFATC4	0.02549352945857258	0	0
