Rank	Term name	P-value	Z-score	Combined score	Overlapping genes	Adjusted p-value	Old p-value	Old adjusted p-value
1	transforming growth factor beta-activated receptor activity (GO:0005024)	2.3085331794581057e-06	158.3015873015873	2054.5801900265933	ACVRL1,LTBP4,ENG	0.00021931065204852004	0	0
2	transmembrane receptor protein serine/threonine kinase activity (GO:0004675)	8.482137967085975e-06	94.95238095238095	1108.810988296513	ACVRL1,LTBP4,ENG	0.00040290155343658383	0	0
3	transforming growth factor beta binding (GO:0050431)	2.084138577376931e-05	67.80272108843538	730.8163650973536	ACVRL1,LTBP4,ENG	0.0006599772161693615	0	0
4	vascular endothelial growth factor receptor 2 binding (GO:0043184)	0.0001374142536235155	154.64341085271317	1375.1681463191144	CDH5,VEGFA	0.0032635885235584934	0	0
5	vascular endothelial growth factor receptor binding (GO:0005172)	0.00032205592524747447	92.76744186046511	745.9230871539252	CDH5,VEGFA	0.006119062579702015	0	0
