Rank	Term name	P-value	Z-score	Combined score	Overlapping genes	Adjusted p-value	Old p-value	Old adjusted p-value
1	CRX DN.V1 DN	9.608988310159316e-05	19.071153846153845	176.4124931171649	LAD1,PLAT,TIMP1,CXCL13	0.007206741232619487	0	0
2	ERB2 UP.V1 UP	0.0003738028846825894	13.219919786096257	104.32872429271572	ABCC3,MUC1,GDF15,NPC2	0.01030508484684639	0	0
3	MEK UP.V1 UP	0.0004122033938738556	12.872395833333334	100.32737146227348	ABCC3,CLDN4,GDF15,NPC2	0.01030508484684639	0	0
