Rank	Term name	P-value	Z-score	Combined score	Overlapping genes	Adjusted p-value	Old p-value	Old adjusted p-value
1	oxysterol binding (GO:0008142)	0.002447753460042304	555.1944444444445	3338.1535834228603	OSBPL5	0.03912310026851516	0	0
2	protein kinase C activity (GO:0004697)	0.004890387533564395	256.15384615384613	1362.8623704331803	PRKCZ	0.03912310026851516	0	0
3	phosphatidylinositol-4-phosphate binding (GO:0070273)	0.009065844334115208	133.12	626.0954814439701	OSBPL5	0.04835116978194777	0	0
