Rank	Term name	P-value	Z-score	Combined score	Overlapping genes	Adjusted p-value	Old p-value	Old adjusted p-value
1	MHC class II receptor activity (GO:0032395)	4.991004912567161e-07	53.61748633879781	778.0143037548571	HLA-DOA,HLA-DQA1,HLA-DQB2,HLA-DPA1,HLA-DQB1	0.00020662760338028047	0	0
2	calcium ion binding (GO:0005509)	2.995492777044648e-05	3.1664479137883395	32.98114110349702	MCTP1,TNNC1,LTBP4,LPL,SYT15,FBLN1,AIF1,THBS1,TTN,SELP,CDH5,CLEC3B,SCUBE1,RGN,ENPP2,CAPN3,SLIT3,SLIT2,TGM2	0.006200670048482421	0	0
3	metal ion binding (GO:0046872)	0.00010880350241240584	2.5600597980362045	23.363021318798392	MCTP1,TNNC1,LRRK2,LTBP4,LPL,SYT15,FBLN1,IRAK3,SEPTIN4,AIF1,THBS1,TTN,SELP,CDH5,RAP2A,CLEC3B,SCUBE1,RGN,ENPP2,CAPN3,SLIT3,SLIT2,TGM2	0.015014883332912005	0	0
4	vascular endothelial growth factor-activated receptor activity (GO:0005021)	0.00020966162513873622	39.99660326086956	338.7718549930257	NRP1,PDGFRA,NRP2	0.021699978201859198	0	0
