Rank	Term name	P-value	Z-score	Combined score	Overlapping genes	Adjusted p-value	Old p-value	Old adjusted p-value
1	MHC class II receptor activity (GO:0032395)	1.8886798980999276e-05	79.63818424566088	866.2283006336379	HLA-DOA,HLA-DQA1,HLA-DQB1	0.0034162874812439215	0	0
2	kinase inhibitor activity (GO:0019210)	3.1342086983889186e-05	25.843851659076122	268.0149230414802	GMFB,SH3BP5,MBIP,TRIB1	0.0034162874812439215	0	0
3	protein kinase inhibitor activity (GO:0004860)	9.06099938313467e-05	19.20754716981132	178.80202023769894	GMFB,SH3BP5,MBIP,TRIB1	0.006584326218411194	0	0
4	PDZ domain binding (GO:0030165)	0.00040194939832134945	12.683722417652703	99.17636385437162	CADM1,PLEKHA2,SDC2,PSEN1	0.021906242208513546	0	0
