Rank	Term name	P-value	Z-score	Combined score	Overlapping genes	Adjusted p-value	Old p-value	Old adjusted p-value
1	KRAS.300 UP.V1 UP	0.0014398267291809402	45.94444444444444	300.62518206457776	ANO1,CALB1	0.025133674251131565	0	0
2	LEF1 UP.V1 UP	0.002547777103680094	34.19516407599309	204.23178090119762	ANO1,FN1	0.025133674251131565	0	0
3	HINATA NFKB MATRIX	0.0039936462613403625	317.1904761904762	1751.8590547314027	FN1	0.025133674251131565	0	0
4	KRAS.600 UP.V1 UP	0.00542698796313577	23.049122807017543	120.23277582889308	ANO1,CALB1	0.025133674251131565	0	0
5	KRAS.600.LUNG.BREAST UP.V1 UP	0.005463842228506863	22.967365967365968	119.65085937730738	ANO1,CALB1	0.025133674251131565	0	0
