Rank	Term name	P-value	Z-score	Combined score	Overlapping genes	Adjusted p-value	Old p-value	Old adjusted p-value
1	ligand-gated channel activity (GO:0022834)	0.0008024678708939625	54.79120879120879	390.5418048109173	GABRB1,GRIN1	0.017050439160205832	0	0
2	ligand-gated ion channel activity (GO:0015276)	0.0008570688316410276	52.89920424403183	373.5737744029888	GABRB1,GRIN1	0.017050439160205832	0	0
3	amino acid binding (GO:0016597)	0.0009134163835824553	51.13333333333333	357.84736390590876	GRM7,GRIN1	0.017050439160205832	0	0
4	carboxylic acid binding (GO:0031406)	0.0014983775587513422	39.315581854043394	255.68386928081546	GRM7,GRIN1	0.02097728582251879	0	0
5	hormone activity (GO:0005179)	0.0053148264076905045	20.13765182186235	105.46601625349733	TRH,CHGB	0.04886728443963318	0	0
6	ion channel activity (GO:0005216)	0.006137828161140052	18.658536585365855	95.03323180723709	GABRB1,GRIN1	0.04886728443963318	0	0
7	interleukin-1 receptor activity (GO:0004908)	0.006981040634233312	184.88888888888889	917.8914803082985	IL1RAPL2	0.04886728443963318	0	0
8	glutamate-gated calcium ion channel activity (GO:0022849)	0.006981040634233312	184.88888888888889	917.8914803082985	GRIN1	0.04886728443963318	0	0
