Rank	Term name	P-value	Z-score	Combined score	Overlapping genes	Adjusted p-value	Old p-value	Old adjusted p-value
1	translation initiation factor activity (GO:0003743)	0.006137630800512576	249.4625	1270.5914609940403	EIF3C	0.010774511727486754	0	0
2	ribosome binding (GO:0043022)	0.007183007818324503	212.2340425531915	1047.5951010155554	EIF3C	0.010774511727486754	0	0
