Rank	Term name	P-value	Z-score	Combined score	Overlapping genes	Adjusted p-value	Old p-value	Old adjusted p-value
1	Linoleic acid metabolism	0.00021611447127452675	15.580689655172414	131.49638280220026	CYP2C9,PLA2G4B,JMJD7-PLA2G4B,CYP2C19	0.04352445823553199	0	0
2	Arachidonic acid metabolism	0.00042052616652687915	8.723921499292786	67.81979935150046	CYP2C9,PLA2G4B,JMJD7-PLA2G4B,CYP2C19,ALOX15B	0.04352445823553199	0	0
