Rank	Term name	P-value	Z-score	Combined score	Overlapping genes	Adjusted p-value	Old p-value	Old adjusted p-value
1	transforming growth factor beta binding (GO:0050431)	0.00015620522564799752	17.32280701754386	151.82296813948432	ACVRL1,TGFBR3,LTBP4,CD36	0.030537319748074655	0	0
2	calcium ion binding (GO:0005509)	0.0002262739247733151	3.443453963061405	28.90354072387188	RYR2,ANXA8L1,SPARC,NRXN1,LTBP4,FBLN1,SLC8A1,CDH5,CDH23,SLIT3,SLIT2,ADGRL3,TGM2	0.030537319748074655	0	0
3	transforming growth factor beta-activated receptor activity (GO:0005024)	0.0003137395864528218	28.761280931586608	232.01573636654703	ACVRL1,TGFBR3,LTBP4	0.030537319748074655	0	0
