Rank	Term name	P-value	Z-score	Combined score	Overlapping genes	Adjusted p-value	Old p-value	Old adjusted p-value
1	RNA transport	0.036686778924747046	35.69549549549549	117.98570753539191	EIF3C	0.045602000547551175	0	0
2	Ras signaling pathway	0.045602000547551175	28.52092352092352	88.06701294052063	SHOC2	0.045602000547551175	0	0
