Rank	Term name	P-value	Z-score	Combined score	Overlapping genes	Adjusted p-value	Old p-value	Old adjusted p-value
1	CAHOY ASTROCYTIC	0.004999933071055651	19900.0	105436.78197328729	BCAT1	0.011759880030701358	0	0
2	P53 DN.V2 DN	0.0072499160871101805	19855.0	97820.92670675043	BCAT1	0.011759880030701358	0	0
3	RPS14 DN.V1 DN	0.009349902667436013	19813.0	92574.05010507847	BCAT1	0.011759880030701358	0	0
4	HOXA9 DN.V1 DN	0.00974990031449891	19805.0	91707.0172110273	BCAT1	0.011759880030701358	0	0
5	MTOR UP.N4.V1 UP	0.009799900025584465	19804.0	91601.08680998597	BCAT1	0.011759880030701358	0	0
6	NFE2L2.V2	0.024049840651235544	19519.0	72759.54962077652	BCAT1	0.024049840651235544	0	0
