Rank	Term name	P-value	Z-score	Combined score	Overlapping genes	Adjusted p-value	Old p-value	Old adjusted p-value
1	calcium-dependent phospholipase A2 activity (GO:0047498)	0.0023981585785517907	666.0666666666667	4018.4162309154813	PLA2G4B	0.014479502656203133	0	0
2	lysophospholipase activity (GO:0004622)	0.0031468008242819096	499.425	2877.3716896348615	PLA2G4B	0.014479502656203133	0	0
3	phospholipase A2 activity (GO:0004623)	0.00434385079686094	356.5892857142857	1939.4870011141588	PLA2G4B	0.014479502656203133	0	0
4	calcium-dependent phospholipid binding (GO:0005544)	0.007481552373416279	203.55102040816325	996.4463577649728	PLA2G4B	0.018703880933540695	0	0
5	phospholipase activity (GO:0004620)	0.010910516765723988	138.36805555555554	625.1507650815512	PLA2G4B	0.021821033531447976	0	0
6	carboxylic ester hydrolase activity (GO:0052689)	0.014331577901305266	104.74736842105263	444.68294850471597	PLA2G4B	0.02388596316884211	0	0
7	microtubule binding (GO:0008017)	0.034399383780773445	42.78354978354978	144.16843911532118	IRAG2	0.04914197682967635	0	0
