Rank	Term name	P-value	Z-score	Combined score	Overlapping genes	Adjusted p-value	Old p-value	Old adjusted p-value
1	P53 DN.V1 UP	8.904473912449803e-05	9.129047178538391	85.14088659426326	CALB1,LPCAT4,ITGA2,LAMP3,GLUL,BIRC2	0.011041547651437755	0	0
2	BCAT GDS748 UP	0.0007759707387958862	18.40740740740741	131.82272910651656	CA2,MYB,RUNX1	0.0320734572035633	0	0
3	KRAS.50 UP.V1 UP	0.0007759707387958862	18.40740740740741	131.82272910651656	HSD11B1,CALB1,ITGA2	0.0320734572035633	0	0
