Rank	Term name	P-value	Z-score	Combined score	Overlapping genes	Adjusted p-value	Old p-value	Old adjusted p-value
1	glycerophospholipid flippase activity (GO:0140333)	4.253736417996487e-06	127.7948717948718	1580.5302721937883	ATP8A1,ABCA4,ATP11A	0.0004508960603076276	0	0
2	phosphatidylserine flippase activity (GO:0140346)	7.385769263711544e-05	250.8427672955975	2386.3601546118716	ATP8A1,ATP11A	0.003907559116692118	0	0
3	phosphatidylethanolamine flippase activity (GO:0090555)	0.00011059129575543731	188.12264150943398	1713.7350279504105	ABCA4,ATP11A	0.003907559116692118	0	0
4	aminophospholipid flippase activity (GO:0015247)	0.00015455489350419234	150.49056603773585	1320.5488820056016	ATP8A1,ATP11A	0.0040957046778610975	0	0
