Rank	Term name	P-value	Z-score	Combined score	Overlapping genes	Adjusted p-value	Old p-value	Old adjusted p-value
1	ATF2 S UP.V1 DN	0.0005099560110332581	6.4696679612712655	49.0477567474156	PLN,LAMA2,NFIB,PDE4DIP,ABCA8,SORBS1	0.016569106553258883	0	0
2	ATF2 UP.V1 DN	0.0005099560110332581	6.4696679612712655	49.0477567474156	PLN,NFIB,PDE4DIP,RNASE4,ABCA8,FRY	0.016569106553258883	0	0
3	LTE2 UP.V1 UP	0.0005545869347032446	6.363215669393027	47.706854008888044	SDCBP,DIAPH2,PLCB4,MAOA,PNRC1,SASH1	0.016569106553258883	0	0
4	ERB2 UP.V1 UP	0.0005701198618495965	6.328498795825529	47.27175921973951	CADPS2,SDCBP,MAOA,LMO3,PDE4D,PNRC1	0.016569106553258883	0	0
5	RAF UP.V1 DN	0.00061875606272874	6.22656414577628	46.000607145278984	SH3BGRL,PLCB4,EPB41L2,ID2,TRPS1,JMJD1C	0.016569106553258883	0	0
6	CAMP UP.V1 DN	0.0007256543016025789	6.032152699806063	43.60303471011706	ZFP36,MYO15B,RALGAPA1,ID2,TIMP2,FRY	0.016569106553258883	0	0
7	MEL18 DN.V1 DN	0.0012031578894659738	6.770190593720005	45.51467526471095	EGR1,SH3BGRL,PLN,ID2,AK1	0.02354751869383406	0	0
8	GCNP SHH UP EARLY.V1 DN	0.0021569761018630047	5.896999043519847	36.20196013091251	EGR1,CNN1,ID2,ANKRD44,CYBA	0.03693821574440396	0	0
9	ESC J1 UP EARLY.V1 DN	0.0027664285470329294	5.555273833671399	32.721663512782015	EGR1,CNN1,ZFP36,TRPS1,RNASE4	0.04211119010483459	0	0
