Rank	Term name	P-value	Z-score	Combined score	Overlapping genes	Adjusted p-value	Old p-value	Old adjusted p-value
1	RNA binding (GO:0003723)	8.770894103028208e-09	2.3419313354896536	43.44710518231634	RPL4,TOP2A,RBM28,MTCL1,WDR3,MSI2,BRCA1,SMG7,SPOUT1,RPL7,MRPL42,MRPL3,FBL,SNRPD2,SUMO2,RPL36,BUD23,RBM34,EIF5B,TSFM,MRPS24,NCBP2,RPS5,RANGAP1,ILF2,DARS1,NME1,GRWD1,SNRPG,CCDC86,CACTIN,DUS3L,LUC7L2,FYTTD1,NOP2,MRPL16,TRMT2A,RPF2,RTN4,MRPL11,SELENOH,FXR1,POLR2D,DHX36,DNAJC21,DROSHA,RALY,RPS2,PTPN1,FDPS,TRMT10C,MDH2,ALYREF,CCDC59,KNOP1,PDAP1,EIF2S2,HNRNPM,NUDT21,LSM7,CAPRIN1,RBM42,R3HDM1,RAN,RPL26L1,EIF4G1	4.245112745865653e-06	0	0
2	DNA replication origin binding (GO:0003688)	4.926129091845461e-07	19.336114253393664	280.8288702870881	ORC5,ORC4,GRWD1,MCM4,MCM10,MCM5,MCM2	0.00011921232402266017	0	0
3	magnesium ion binding (GO:0000287)	0.00011554327584952116	3.9790293384336897	36.07334446656032	TOP2A,EYA2,DHX36,PLK1,IDH2,UBA2,TKT,MORC2,DCTPP1,RAN,MARK1,NME1	0.01864098183705608	0	0
4	rRNA binding (GO:0019843)	0.0003273950449383703	7.341986455981941	58.91461782768943	RPS5,MRPL16,MDM2,MRPS18A,RPF2,MRPL11	0.03228391889977206	0	0
5	single-stranded DNA binding (GO:0003697)	0.0003335115588819427	4.523941115702479	36.21791722747787	RAD51,RNF138,DHX36,POLR2D,MCM4,MCM10,MCM5,SMC6,MCM2	0.03228391889977206	0	0
6	protein homodimerization activity (GO:0042803)	0.0005857943130927296	2.072149643705463	15.42206040451134	TOP2A,TENM4,MTCL1,ATP2A1,SPPL3,FXR1,NADK2,ATIC,PDCD10,CHEK2,CHMP1A,DROSHA,UGT1A9,MORC2,GSTM4,STARD3,GSTM2,HMGCS1,UGT1A1,DNTTIP1,CIP2A,GRHL1,NUDT21,CENPF,BAX,MVD,TKT,FGFR2	0.047254074589480194	0	0
