Rank	Term name	P-value	Z-score	Combined score	Overlapping genes	Adjusted p-value	Old p-value	Old adjusted p-value
1	Tryptophan metabolism	0.004195634568122394	486.7560975609756	2664.362051124875	ALDH8A1	0.008391269136244788	0	0
2	Herpes simplex virus 1 infection	0.04918097607300384	39.2374245472837	118.19286913379189	ZFP90	0.04918097607300384	0	0
