Rank	Term name	P-value	Z-score	Combined score	Overlapping genes	Adjusted p-value	Old p-value	Old adjusted p-value
1	cadherin binding (GO:0045296)	0.0005195326413123116	4.704242278572287	35.576212885951975	TJP1,CDH5,PPFIBP1,PTPRB,AHNAK,PHLDB2,SPTAN1,SPTBN1	0.047027778497734686	0	0
2	calcium ion binding (GO:0005509)	0.0008616817259939283	4.33873473917869	30.616822219027515	CDH5,TNNC1,LTBP4,FBLN1,SLIT3,SLIT2,EML1,TTN	0.047027778497734686	0	0
3	Roundabout binding (GO:0048495)	0.0008817708468325254	59.166666666666664	416.1533855048973	SLIT3,SLIT2	0.047027778497734686	0	0
