Rank	Term name	P-value	Z-score	Combined score	Overlapping genes	Adjusted p-value	Old p-value	Old adjusted p-value
1	GPI anchor binding (GO:0034235)	0.001049661432299498	1665.9166666666667	11427.001554688255	THY1	0.008397291458395984	0	0
2	disordered domain specific binding (GO:0097718)	0.0034461530563075866	453.97727272727275	2574.27663877793	FN1	0.013784612225230346	0	0
3	phosphatidylinositol binding (GO:0035091)	0.013737178126808362	109.37362637362638	468.95576237961774	THY1	0.03519301866333135	0	0
4	protease binding (GO:0002020)	0.017596509331665674	84.95726495726495	343.2320001415874	FN1	0.03519301866333135	0	0
