Rank	Term name	P-value	Z-score	Combined score	Overlapping genes	Adjusted p-value	Old p-value	Old adjusted p-value
1	Glycolysis / Gluconeogenesis	0.0007887715070730001	18.27389705882353	130.56761355363378	LDHA,PKM,PGAM1	0.03539914261679538	0	0
2	Central carbon metabolism in cancer	0.0008961808257416552	17.453028972783144	122.47433314107707	LDHA,PKM,PGAM1	0.03539914261679538	0	0
