Rank	Term name	P-value	Z-score	Combined score	Overlapping genes	Adjusted p-value	Old p-value	Old adjusted p-value
1	Prion disease	0.0006500645756531916	21.907777777777778	160.76888762405787	RYR1,COX7B,ATP5MC1	0.02925290590439362	0	0
2	Pathways of neurodegeneration	0.0031879410310718358	12.403601694915254	71.30061610177967	RYR1,COX7B,ATP5MC1	0.037797882087562594	0	0
3	Oxidative phosphorylation	0.0032630225956322154	27.558639833448993	157.7760057451342	COX7B,ATP5MC1	0.037797882087562594	0	0
4	Systemic lupus erythematosus	0.0033598117411166753	27.14149008885851	154.59440827213797	H2AZ1,HLA-DRB1	0.037797882087562594	0	0
