Rank	Term name	P-value	Z-score	Combined score	Overlapping genes	Adjusted p-value	Old p-value	Old adjusted p-value
1	MTOR UP.N4.V1 DN	0.0002320638502416786	5.31	44.436724420377956	SENP6,DMXL1,REL,ECHDC2,HBP1,TPP1,TNRC6B,CLN5	0.01495905079700836	0	0
2	PRC2 EDD UP.V1 DN	0.0002403413198288131	5.281182795698925	44.010475298446266	CDKN1C,ATXN1,TRPS1,PCGF3,IRF8,FPR3,BAZ2B,N4BP2L2	0.01495905079700836	0	0
3	CAMP UP.V1 DN	0.000295244423625165	5.114583333333333	41.56983470939771	RERE,ATP8A1,DST,RALGAPA1,EPB41L3,IDS,FRY,ETS2	0.01495905079700836	0	0
4	P53 DN.V1 DN	0.0012134709517377133	4.6173913043478265	31.00241408631801	PLCB4,EPB41L3,ALDH1A1,STAT4,HMOX1,DOCK2,ITGAL	0.03167694588717379	0	0
5	E2F1 UP.V1 DN	0.0012504057587042286	4.592332865825152	30.69647167091723	C3,FER,PLXND1,ALDH1A1,CIRBP,TCF4,ANKHD1	0.03167694588717379	0	0
6	EGFR UP.V1 UP	0.0012504057587042286	4.592332865825152	30.69647167091723	ATXN1,MBNL2,PLAGL1,ARAP2,KLF4,TNS3,ETS2	0.03167694588717379	0	0
