Rank	Term name	P-value	Z-score	Combined score	Overlapping genes	Adjusted p-value	Old p-value	Old adjusted p-value
1	NFE2L2.V2	5.003712801935782e-17	4.411118955779033	165.56590837665217	HJURP,IDE,SLC7A11,TSKU,PANX2,UCHL1,PHGDH,HTATIP2,CBR1,GPX2,G6PD,ABCC2,UGT1A1,IGFBP3,ESCO2,PTGR1,UGDH,ALDH3A1,DBF4,MTHFD2,PALLD,PPIF,TKT,PFN2,ABCB6,CPLX2,LRP8,NT5DC1,PTPRZ1,STC2,GPC1,SPP1,UGT1A5,GCNT3,UGT1A3,B4GALNT1,UGT1A7,CBR3,NQO1,RRM2,TXNRD1,AKR1C1,CYP4F3,GSR,OSGIN1,CYP4F11,TPD52L1,EIF2S2,STXBP5L,FERMT1,GCLC,TMEM237,PNPLA4,RPL22L1	9.106757299523123e-15	0	0
2	CSR LATE UP.V1 UP	1.6648262829645198e-05	3.6333240797290545	39.97820852361546	FEN1,DTYMK,RRM2,UBE2C,UHRF1,IGFBP3,MAZ,FANCA,IMP4,NETO2,FOXM1,ZWINT,KRT18,FABP5,CDK1,PGM2,EZH2	0.001514991917497713	0	0
3	GCNP SHH UP LATE.V1 DN	0.00034649239469685577	2.999688133478871	23.900464222316135	DLX5,NDUFA10,SLC2A1,LSR,KLK8,VSNL1,WNK2,GJB6,ESRP1,UBE2V2,PPFIA4,S100A11,BCL2L2,MDFI,KPNA1	0.021020538611609248	0	0
4	MTOR UP.V1 UP	0.0006075792148938068	2.9575430277485073	21.903646463954583	FDPS,GPX2,RRM2,UBE2C,UHRF1,GSS,SLC41A3,TMPRSS4,PPAN,SLC2A1,KRBA1,DBF4,FABP5,CDK1	0.027644854277668208	0	0
5	MEL18 DN.V1 UP	0.0010971398088954626	3.059449162631955	20.85029491378404	CA12,SLC7A5,HS3ST3A1,LAMB3,DDX11,STC2,COL7A1,ADAM12,FZD6,SPP1,SLC7A11,PTHLH	0.03993588904379484	0	0
6	RB DN.V1 DN	0.0014206376003374473	3.1428338641582103	20.606460064604555	SLC7A5,LAMB3,IGFBP3,STC2,ADAM12,KRT8,RPS2,S1PR5,NDRG1,CTSC,DUSP14	0.04309267387690256	0	0
