Rank	Term name	P-value	Z-score	Combined score	Overlapping genes	Adjusted p-value	Old p-value	Old adjusted p-value
1	guanyl-nucleotide exchange factor activity (GO:0005085)	2.989592331962152e-08	6.8758800337932975	119.12836006793854	DOCK4,DENND3,RASGRP2,DOCK11,PREX1,ABR,AKAP13,FGD5,RASGEF1B,SH3BP5,RAPGEF2,RIN3,ARHGEF2,DOCK2,RAPGEF5	1.1450138631415042e-05	0	0
2	GTPase activator activity (GO:0005096)	2.4203108935877566e-07	4.1350427350427355	62.99406658947189	NRP1,DOCK4,LRRK2,RALGAPA2,TBC1D2B,DENND3,ARAP1,RASGRP2,PREX1,ABR,AKAP13,DOCK11,FGD5,RGS3,RASGEF1B,SH3BP5,RAPGEF2,RIN3,ARHGEF2,RAPGEF5,DOCK2	4.634895361220554e-05	0	0
3	protease binding (GO:0002020)	0.0001608393639602655	4.9841997961264015	43.53750572129354	ADAMTS4,CCBE1,SERPINA1,VWF,TIMP2,CFLAR,A2M,SERPINB6,TTN	0.0205338254655939	0	0
4	CD4 receptor binding (GO:0042609)	0.00024074563857250366	35.74909090909091	297.8531897023948	CD74,IL16,CD22	0.023051394893317225	0	0
5	MHC class II receptor activity (GO:0032395)	0.0005032508089437155	25.532467532467532	193.90433023232404	HLA-DOA,HLA-DPA1,HLA-DQB1	0.03854901196508861	0	0
