Rank	Term name	P-value	Z-score	Combined score	Overlapping genes	Adjusted p-value	Old p-value	Old adjusted p-value
1	calcium ion binding (GO:0005509)	1.0389433612892984e-05	4.757514315216371	54.591150691126344	RYR2,ANXA8L1,SPARC,CEMIP2,LTBP4,FBLN1,EML1,SLC8A1,CDH5,CDH23,SLIT3,SLIT2,ADGRL3	0.0022856753948364565	0	0
2	transforming growth factor beta binding (GO:0050431)	4.9065591175232064e-05	23.580952380952382	233.97852321402596	ACVRL1,TGFBR3,LTBP4,CD36	0.005397215029275527	0	0
3	transforming growth factor beta-activated receptor activity (GO:0005024)	0.0001298790985373663	39.090729783037474	349.8192878578907	ACVRL1,TGFBR3,LTBP4	0.009524467226073528	0	0
4	transmembrane receptor protein serine/threonine kinase activity (GO:0004675)	0.00046378454079723313	23.44733727810651	179.9838821174461	ACVRL1,TGFBR3,LTBP4	0.024185306760947555	0	0
5	metal ion binding (GO:0046872)	0.0005496660627488081	3.1348208046321253	23.53059074118665	RYR2,ANXA8L1,SPARC,CEMIP2,LTBP4,FBLN1,EML1,SLC8A1,CDH5,CDH23,SLIT3,SLIT2,ADGRL3	0.024185306760947555	0	0
