Rank	Term name	P-value	Z-score	Combined score	Overlapping genes	Adjusted p-value	Old p-value	Old adjusted p-value
1	MHC class II receptor activity (GO:0032395)	2.3465683854756617e-07	44.41883614088821	678.059825686442	HLA-DOA,HLA-DQA1,HLA-DQB2,HLA-DRB1,HLA-DPA1,HLA-DQB1	0.00012999988855535167	0	0
2	protein tyrosine kinase activity (GO:0004713)	0.0002304184831151322	3.7181221020092736	31.14155333948862	ALK,PDGFRA,CSF1R,HCK,FES,PEAK1,NTRK3,AATK,FGFR4,ROS1,HIPK3,TTN	0.044105010637242384	0	0
3	calcium ion binding (GO:0005509)	0.00024005451094390515	2.3217372620640484	19.350854774793646	PLA2G1B,LPL,PKD2L1,FBLN1,AIF1,THBS1,TTN,CDH5,CLEC3B,SCUBE1,ENPP2,CDH23,MAN1C1,CAPN3,SLIT3,SLIT2,TGM2,AOC3,SYT1,TNNC1,SYT15,EML1,SELP,RGN,ESYT3	0.044105010637242384	0	0
4	exopeptidase activity (GO:0008238)	0.000318447730232797	5.269431643625192	42.429738704745304	CPM,DPP6,ACE,MME,DPEP2,CTSH,LTA4H,TRHDE	0.044105010637242384	0	0
