Rank	Term name	P-value	Z-score	Combined score	Overlapping genes	Adjusted p-value	Old p-value	Old adjusted p-value
1	ERB2 UP.V1 UP	0.0002689503864590765	9.654936461388074	79.37307462023941	ABCC3,MUC1,GDF15,NPC2,CEACAM6	0.010907360739673334	0	0
2	P53 DN.V1 UP	0.00028899907873193044	9.5002405002405	77.41828690493647	CLDN3,CEACAM6,AGR2,MSLN,ASS1	0.010907360739673334	0	0
3	MEK UP.V1 UP	0.0003029822427687037	9.3998096144693	76.15571930120736	ABCC3,CLDN4,GDF15,NPC2,CEACAM6	0.010907360739673334	0	0
4	CRX DN.V1 DN	0.0007025989206646524	10.884615384615385	79.03019201065152	LAD1,PLAT,TIMP1,CXCL13	0.018970170857945615	0	0
5	ESC V6.5 UP LATE.V1 DN	0.0023531917799709612	7.754317111459969	46.92899276157035	GGCT,TCEA3,SPP1,TIMP1	0.045744213928280715	0	0
6	LTE2 UP.V1 UP	0.0025413452182378175	7.586021505376344	45.32694673928219	ABCC3,NPC2,CEACAM6,DPYSL2	0.045744213928280715	0	0
