Rank	Term name	P-value	Z-score	Combined score	Overlapping genes	Adjusted p-value	Old p-value	Old adjusted p-value
1	NFE2L2.V2	8.027894261750675e-12	4.032015198423867	103.01032287928875	TSKU,PANX2,NT5DC1,BRIP1,UCHL1,CDC45,PTPRZ1,SNTG1,STC2,GPC1,SPP1,UGT1A5,GCNT3,B4GALNT1,UGT1A3,UGT1A7,CBR3,NQO1,CBR1,GPX2,G6PD,ABCC2,RRM2,UGT1A1,IGFBP3,TXNRD1,AKR1C1,GSR,OSGIN1,AKR1C3,PTGR1,CYP4F11,FERMT1,ALDH3A1,GCLC,DBF4,TMEM237,MCM3,TKT	1.461076755638623e-09	0	0
2	CSR LATE UP.V1 UP	1.0115082384058707e-05	4.190419921030637	48.19604324421759	CXCL6,FEN1,RRM2,UBE2C,IGFBP3,MAZ,ACTL6A,FANCA,YEATS4,FOXM1,ZWINT,KRT18,PBK,MCM3,BIRC5	0.0009204724969493423	0	0
3	RB P107 DN.V1 UP	9.122555162120306e-05	4.090238764044944	38.04811893800965	COL1A1,FEN1,PRDX4,CDC45,RRM2,PAQR4,CCNE1,CA2,FANCA,NCAPD2,LOXL1,NCAPH	0.0055343501316863185	0	0
4	VEGF A UP.V1 DN	0.0001482180400856561	3.4187421970566354	30.14245551606647	PLK4,RFC4,RRM2,BUB1B,KIF23,NUDT21,CCNB1,DBF4,CDC45,CCNE1,EXO1,BIRC5,MCM4,CDKN3	0.006743920823897353	0	0
5	SINGH KRAS DEPENDENCY SIGNATURE 	0.0009746860527077739	10.776490066225165	74.71766380876467	LAD1,SEMA4B,CLDN7,PRSS22	0.03547857231856297	0	0
6	MEL18 DN.V1 UP	0.001515883226082204	3.3150605393035844	21.520567535635557	SLC7A5,HS3ST3A1,JAG1,LAMB3,DDX11,STC2,ABCC5,ADAM12,SPP1,PTHLH	0.045981791191160186	0	0
7	MEK UP.V1 UP	0.0019005468689361471	2.8371763556424034	17.776650783536013	ALDH3A1,C11ORF95,GPX2,PTK7,ITGB4,TMPRSS4,AKR1C3,AKR1C2,PACSIN3,NME4,BMP7,LOXL1	0.04687301737565503	0	0
8	ESC V6.5 UP EARLY.V1 DN	0.0020603524121167046	2.969139069158566	18.363763611373354	ESRRA,COL1A1,GPX2,ALCAM,KRT18,SNTG1,KRT16,IGFBP3,COL11A1,C16ORF74,LOXL1	0.04687301737565503	0	0
9	RB DN.V1 DN	0.0024503589321025806	3.335508241758242	20.05147704800898	SQLE,SLC7A5,LAMB3,IGFBP3,DDIT3,STC2,ADAM12,S1PR5,CTSC	0.04955170284918552	0	0
