Rank	Term name	P-value	Z-score	Combined score	Overlapping genes	Adjusted p-value	Old p-value	Old adjusted p-value
1	CYCLIN D1 KE .V1 UP	0.001827075268727365	42.138297872340424	265.683603238372	THY1,COX7A1	0.019037489959190856	0	0
2	PIGF UP.V1 DN	0.0019037489959190857	41.25208333333333	258.40016982812483	MCF2L,THY1	0.019037489959190856	0	0
3	HINATA NFKB MATRIX	0.0034952242970889957	370.0740740740741	2093.271349114512	FN1	0.02330149531392664	0	0
