Rank	Term name	P-value	Z-score	Combined score	Overlapping genes	Adjusted p-value	Old p-value	Old adjusted p-value
1	phosphatidylserine flippase activity (GO:0140346)	2.1689044409521838e-05	475.4047619047619	5105.230681141124	ATP8A1,ATP11A	0.0010410741316570482	0	0
2	aminophospholipid flippase activity (GO:0015247)	4.546235690936047e-05	285.2142857142857	2851.7509427951322	ATP8A1,ATP11A	0.0010910965658246512	0	0
3	glycerophospholipid flippase activity (GO:0140333)	0.00014221789991262262	142.57142857142858	1262.919124249693	ATP8A1,ATP11A	0.002275486398601962	0	0
4	FAD binding (GO:0071949)	0.0006386616282018391	61.9472049689441	455.69205076770083	STEAP4,MICAL2	0.007663939538422069	0	0
5	flavin adenine dinucleotide binding (GO:0050660)	0.0030743235966317587	26.842318059299192	155.2739619530397	STEAP4,MICAL2	0.029513506527664882	0	0
