Rank	Term name	P-value	Z-score	Combined score	Overlapping genes	Adjusted p-value	Old p-value	Old adjusted p-value
1	protein phosphatase 1 binding (GO:0008157)	0.004592351033521324	302.6363636363636	1629.2014564159526	SHOC2	0.01986616584453988	0	0
2	translation initiation factor activity (GO:0003743)	0.008175339510378254	166.3	799.343073344609	EIF3C	0.01986616584453988	0	0
3	ribosome binding (GO:0043022)	0.009566110051223143	141.4822695035461	657.8258626058753	EIF3C	0.01986616584453988	0	0
4	protein phosphatase regulator activity (GO:0019888)	0.011352094768308504	118.69047619047619	531.5378490507832	SHOC2	0.01986616584453988	0	0
5	phosphatase binding (GO:0019902)	0.022607319907896505	58.65191740412979	222.26035801963073	SHOC2	0.028438244485734766	0	0
6	protein phosphatase binding (GO:0019903)	0.024375638130629797	54.30054644808743	201.6815193935306	SHOC2	0.028438244485734766	0	0
