Rank	Term name	P-value	Z-score	Combined score	Overlapping genes	Adjusted p-value	Old p-value	Old adjusted p-value
1	CAHOY ASTROCYTIC	0.01985182675975813	66.993265993266	262.5773759432504	RAN	0.03765883791205711	0	0
2	WNT UP.V1 DN	0.03357124127006609	39.10650887573964	132.7308344608708	HLA-DRB1	0.03765883791205711	0	0
3	PTEN DN.V1 DN	0.03688124960499194	35.50179211469534	117.1577599960325	HLA-DRB1	0.03765883791205711	0	0
4	ESC J1 UP LATE.V1 UP	0.03765883791205711	34.747368421052634	113.94314013092075	HLA-DRB1	0.03765883791205711	0	0
