Rank	Term name	P-value	Z-score	Combined score	Overlapping genes	Adjusted p-value	Old p-value	Old adjusted p-value
1	MHC class II receptor activity (GO:0032395)	2.192552755027961e-05	35.84474885844749	384.537410153024	HLA-DQA1,HLA-DQB2,HLA-DRB1,HLA-DPA1	0.008485179161958208	0	0
2	exopeptidase activity (GO:0008238)	5.1055517622279354e-05	8.232944991592602	81.36287695216595	CPM,DPP6,ACE,MME,DPEP2,CTSH,TRHDE	0.009879242659911055	0	0
