Rank	Term name	P-value	Z-score	Combined score	Overlapping genes	Adjusted p-value	Old p-value	Old adjusted p-value
1	guanyl-nucleotide exchange factor activity (GO:0005085)	1.3024924609146657e-07	5.0481815807041475	80.03294163487344	DOCK5,FARP1,DOCK4,ARHGEF15,DENND4A,DOCK9,DENND3,RASGRP2,KALRN,AKAP13,FGD5,FGD6,RASGEF1B,SH3BP5,RAPGEF2,RIN3,ARHGEF2,ARHGEF7	6.825060495192848e-05	0	0
2	GTPase activator activity (GO:0005096)	1.918302433001238e-06	3.0999875451488355	40.80845277219928	NRP1,DOCK5,DOCK4,DOCK9,LRRK2,DENND3,IQGAP2,RASGRP2,KALRN,ARHGAP44,AKAP13,FGD5,FGD6,RGS3,RASGEF1B,SH3BP5,FARP1,STARD13,ARHGEF15,RALGAPA1,DENND4A,RALGAPA2,RAPGEF2,RIN3,ARHGEF2,ARHGEF7	0.0005025952374463244	0	0
3	calcium ion binding (GO:0005509)	0.00023646114703946167	2.4731448181839553	20.650083189438384	MCTP1,SYT1,CEMIP2,TNNC1,LPL,SYT15,RASGRP2,EML1,RYR3,SLC8A1,TTN,SELP,CDH5,SCUBE1,RGN,ENPP2,CDH23,MAN1C1,RAPGEF2,CAPN3,SLIT3,TGM2	0.03435114879638838	0	0
4	syntaxin-1 binding (GO:0017075)	0.0002622225098960945	10.60733384262796	87.4714388784993	UNC13B,SYT1,STXBP1,LRRK2,VAMP2	0.03435114879638838	0	0
5	alpha-actinin binding (GO:0051393)	0.00040464443948395873	9.489795918367347	74.13904772862563	MAGI1,PDLIM2,CACNA1D,CACNA1C,TTN	0.03902698009799829	0	0
6	voltage-gated calcium channel activity (GO:0005245)	0.00044687381791601105	6.9882479913658715	53.90199403222678	CACNG8,CACNB4,CACNA2D2,CACNA1D,CACNA1C,CACNA2D4	0.03902698009799829	0	0
