Rank	Term name	P-value	Z-score	Combined score	Overlapping genes	Adjusted p-value	Old p-value	Old adjusted p-value
1	Adherens junction	9.605818590387217e-05	9.014623000761615	83.3902789164059	FER,CTNNA1,FYN,IQGAP1,RHOA,FGFR1	0.007145019804865568	0	0
2	Regulation of actin cytoskeleton	9.90481899967292e-05	4.755244755244755	43.84290041860732	PPP1R12A,APC,ITGA7,BRAF,IQGAP1,SSH2,PPP1R12B,ITGAL,RHOA,FGFR1	0.007145019804865568	0	0
3	p53 signaling pathway	0.0001122254419612393	8.74464312102852	79.5325364886948	CCND3,CASP8,TSC2,ATM,MDM4,IGF1	0.007145019804865568	0	0
4	Transcriptional misregulation in cancer	0.0001877193723400739	4.846115825026773	41.58239928583287	CSF1R,DDX5,MEIS1,KMT2A,REL,ATM,IGF1,PBX1,H3-3A	0.008963600029238529	0	0
5	Focal adhesion	0.00026396305792690533	4.616834170854271	38.04133496594064	CCND3,PPP1R12A,COL6A3,ITGA7,BRAF,FYN,IGF1,PPP1R12B,RHOA	0.010083388812807785	0	0
6	Signaling pathways regulating pluripotency of stem cells	0.000754169651682315	5.033362598770852	36.18933958764342	BMP4,MEIS1,APC,PCGF3,IGF1,KLF4,FGFR1	0.024007733911887028	0	0
7	Proteoglycans in cancer	0.0014059516015903753	3.9786802030456854	26.128155657040807	DDX5,PPP1R12A,BRAF,IQGAP1,IGF1,PPP1R12B,RHOA,FGFR1	0.03836239370053738	0	0
