Rank	Term name	P-value	Z-score	Combined score	Overlapping genes	Adjusted p-value	Old p-value	Old adjusted p-value
1	GTPase activator activity (GO:0005096)	1.691563334108757e-05	2.7780362012524495	30.52304024092632	NRP1,DOCK4,LRRK2,ARHGEF10L,DENND3,IQGAP1,IQGAP2,RASGRP2,ARHGAP15,KALRN,ARHGAP44,DOCK10,ABR,AKAP13,FGD5,RASGEF1B,SH3BP5,STARD13,ARHGEF15,DENND4A,ARHGAP25,SGSM1,RAPGEF2,RIN3,ARHGEF2	0.007222163155560263	0	0
2	guanyl-nucleotide exchange factor activity (GO:0005085)	2.82667833877114e-05	3.834999072134885	40.16710215614556	DOCK4,ARHGEF15,DENND4A,DENND3,RASGRP2,KALRN,DOCK10,ABR,AKAP13,FGD5,RASGEF1B,SH3BP5,RAPGEF2,RIN3,ARHGEF2	0.007222163155560263	0	0
3	calcium ion binding (GO:0005509)	8.286476898134956e-05	2.5535499398315284	23.999029850661277	MCTP1,TNNC1,LPL,SYT15,IQGAP1,RASGRP2,EML1,AIF1,TTN,SELP,CDH5,CLEC3B,SCUBE1,RGN,ENPP2,CDH23,CDHR3,MAN1C1,SPARCL1,RAPGEF2,EFHD1,SLIT3,SLIT2,TGM2	0.014114632316489874	0	0
4	MHC class II receptor activity (GO:0032395)	0.00012618644036656852	22.550522648083625	202.45295603926667	HLA-DOA,HLA-DQA1,HLA-DPA1,HLA-DQB1	0.01612031775682913	0	0
5	actinin binding (GO:0042805)	0.000274538814102103	10.583551483420594	86.78954511204117	MAGI1,CACNA1D,PPARG,CACNA1C,TTN	0.02805786680123493	0	0
6	GTPase inhibitor activity (GO:0005095)	0.00040090236390600447	15.031358885017422	117.57217232361502	RHOH,IQGAP1,SLIT2,IQGAP2	0.03284562476285183	0	0
7	LBD domain binding (GO:0050693)	0.0004499400652445456	33.77217391304348	260.2617517776362	CITED2,PPARG,PROX1	0.03284562476285183	0	0
8	alpha-actinin binding (GO:0051393)	0.00053379229775956	8.911086617066227	67.14952662102196	MAGI1,CACNA1D,PPARG,CACNA1C,TTN	0.034095983019391894	0	0
