Rank	Term name	P-value	Z-score	Combined score	Overlapping genes	Adjusted p-value	Old p-value	Old adjusted p-value
1	Glycolysis / Gluconeogenesis	9.08207503021089e-09	17.827686447473937	330.1146128707922	GPI,ALDH3A1,LDHA,TPI1,PKM,PGAM1,ALDOA,GAPDH,HK2	1.9435640564651303e-06	0	0
2	Central carbon metabolism in cancer	4.1017319799855926e-05	10.583035714285714	106.90470614491001	LDHA,PKM,PGAM1,SLC2A1,HRAS,HK2	0.004388853218584584	0	0
3	Metabolism of xenobiotics by cytochrome P450	6.539412446527856e-05	9.672979591836734	93.1999142479962	ALDH3A1,GSTM3,GSTP1,AKR1C1,CBR3,UGT1A6	0.004664780878523203	0	0
4	Glutathione metabolism	0.00016430114989618433	10.799278846153847	94.10285897194913	GSTM3,GPX2,GCLC,GSTP1,GSR	0.008790111519445861	0	0
5	Diabetic cardiomyopathy	0.0005363354372496953	4.653683118423003	35.04572775937149	COL1A1,NDUFS6,GSR,NDUFA10,PPIF,SLC2A1,ATP2A2,GAPDH	0.022955156714286957	0	0
6	One carbon pool by folate	0.0007419626894368861	19.631857237276932	141.47131734964722	SHMT2,MTHFD2,TYMS	0.026463335923248937	0	0
