Rank	Term name	P-value	Z-score	Combined score	Overlapping genes	Adjusted p-value	Old p-value	Old adjusted p-value
1	Pantothenate and CoA biosynthesis	0.002098911809519923	998.9	6159.553284620438	BCAT1	0.006242259307228756	0	0
2	Valine, leucine and isoleucine degradation	0.004794294174934743	424.48936170212767	2266.9127558249947	BCAT1	0.006242259307228756	0	0
3	Sphingolipid metabolism	0.004894053306594197	415.625	2211.0146190551272	DEGS1	0.006242259307228756	0	0
4	Cysteine and methionine metabolism	0.004993807445783005	407.1224489795918	2157.568479810259	BCAT1	0.006242259307228756	0	0
5	Sphingolipid signaling pathway	0.0118647804249944	168.47457627118644	747.0467474583512	DEGS1	0.0118647804249944	0	0
