Rank	Term name	P-value	Z-score	Combined score	Overlapping genes	Adjusted p-value	Old p-value	Old adjusted p-value
1	guanyl-nucleotide exchange factor activity (GO:0005085)	1.9222898300079395e-05	5.853906086748858	63.56995675411712	AKAP13,DOCK4,FGD6,RASGEF1B,SH3BP5,RAPGEF2,RIN3,DENND3,ARHGEF2,RAPGEF5	0.006785683099928027	0	0
2	GTPase activator activity (GO:0005096)	9.513004709087125e-05	3.563933223261787	33.00296853360438	DOCK4,RALGAPA1,LRRK2,RALGAPA2,DENND3,AKAP13,FGD6,RGS3,RASGEF1B,SH3BP5,RAPGEF2,RIN3,ARHGEF2,RAPGEF5	0.016790453311538774	0	0
3	GTPase binding (GO:0051020)	0.00023594969328968285	4.248875757641589	35.486151192983016	UNC13B,AKAP13,DOCK4,FMNL1,FGD6,MLPH,LRRK2,RIN3,ARHGEF2,SPTBN1	0.02776341391041935	0	0
4	small GTPase binding (GO:0031267)	0.0003781573304997599	4.3873095688539285	34.57287787657425	UNC13B,AKAP13,DOCK4,FMNL1,FGD6,MLPH,LRRK2,RIN3,ARHGEF2	0.03337238441660381	0	0
