Rank	Term name	P-value	Z-score	Combined score	Overlapping genes	Adjusted p-value	Old p-value	Old adjusted p-value
1	Citrate cycle (TCA cycle)	2.0935968141070584e-07	11.632442284325638	178.89779713694767	PDHA1,MDH1,MDH2,SDHC,PDHB,ACO2,SDHA,SDHB,DLD,IDH3A	5.8201991432176225e-05	0	0
2	Drug metabolism	1.001255420236944e-05	4.060454472885956	46.74261532064948	GSTM4,GSTM3,GSTM2,RRM1,MGST1,NME2,FMO1,ADH7,CYP2C19,ADH4,CYP2C9,UCK2,UGT2A1,UMPS,UGT1A9,UGT1A6	0.0013917450341293521	0	0
3	RNA transport	0.00010164803968213948	2.8158390017635115	25.888807740526396	EIF2B5,EIF5B,PRMT5,EIF1AX,NCBP2,THOC1,THOC5,MAGOHB,RANGAP1,EIF2S3,CLNS1A,EEF1A2,SUMO2,TACC3,STRAP,SAP18,NUP88,PABPC1,RAE1,RAN	0.009419385010544925	0	0
4	Homologous recombination	0.00024634796053603494	5.622479338842975	46.71586262342374	BLM,RAD51,RPA3,POLD2,RBBP8,RAD54L,PALB2,RAD54B	0.017121183257254428	0	0
5	Fanconi anemia pathway	0.00035621703915885165	4.6412621359223305	36.85148375657413	FANCI,BLM,RAD51,RPA3,UBE2T,FAAP24,FANCB,PALB2,FANCG	0.01980566737723215	0	0
