Rank	Term name	P-value	Z-score	Combined score	Overlapping genes	Adjusted p-value	Old p-value	Old adjusted p-value
1	CSR LATE UP.V1 DN	3.932537363915478e-05	25.124920735573873	254.85816623990567	ACVRL1,TNXB,TSC22D3,SVEP1	0.0020842448028752032	0	0
2	IL21 UP.V1 UP	0.001359004452004824	15.621315789473684	103.11635032632425	CDH5,HEG1,FAM107A	0.03601361797812783	0	0
