Rank	Term name	P-value	Z-score	Combined score	Overlapping genes	Adjusted p-value	Old p-value	Old adjusted p-value
1	MEL18 DN.V1 UP	3.6942556172197125e-06	8.238706079196877	103.05576209253532	TGFBR3,EDN1,COL16A1,SLCO4A1,STC2,GFPT2,SLCO2A1,LTBP4,CHST2	0.000565221109434616	0	0
2	BMI1 DN.V1 UP	4.106730947333983e-05	6.90963326899456	69.7893560749152	EDN1,COL16A1,SLCO4A1,STC2,GFPT2,SLCO2A1,LTBP4,FGFR1	0.0031416491747104968	0	0
3	ESC V6.5 UP EARLY.V1 DN	0.0007326519693822174	5.055684113865932	36.49617355512553	APP,TUBB6,COL16A1,MRAS,COL4A2,AHNAK,SERPINF1	0.037365250438493085	0	0
4	RB P107 DN.V1 UP	0.0013455583393714287	5.312174069411976	35.11849713653108	FKBP10,COL16A1,CD81,SERPINF1,COL6A2,SLIT3	0.041272809303357964	0	0
5	PTEN DN.V1 UP	0.0013487846177567962	4.529249011857708	29.931774785814	TGFBR3,EDN1,NR2F1,ADRA2C,MEFV,KALRN,CCDC102B	0.041272809303357964	0	0
