Rank	Term name	P-value	Z-score	Combined score	Overlapping genes	Adjusted p-value	Old p-value	Old adjusted p-value
1	MEK UP.V1 UP	0.00015481210675267465	8.197229916897507	71.91674403951001	ABCC3,CLDN4,ASPH,GDF15,MICAL2,CCNJL	0.016719707529288863	0	0
2	ALK DN.V1 UP	0.00032571687496225985	9.173469387755102	73.6582076536305	FBXL8,STEAP4,GDF15,AQP7,CFTR	0.017588711247962033	0	0
3	ERB2 UP.V1 UP	0.0011347118632534414	6.888702695154308	46.71488674636567	ABCC3,MUC1,ASPH,GDF15,LMO3	0.04084962707712389	0	0
