Rank	Term name	P-value	Z-score	Combined score	Overlapping genes	Adjusted p-value	Old p-value	Old adjusted p-value
1	NFE2L2.V2	1.8847157188299089e-06	4.323946068124474	56.997105000980504	NQO1,GPX2,IGFBP3,AKR1C1,GSR,CYP4F11,PTGR1,ALDH3A1,GCLC,UCHL1,MTHFD2,PPIF,RPL22L1,PHGDH,PFN2,CBR3,UGT1A6	0.0002732837792303368	0	0
2	GCNP SHH UP LATE.V1 DN	3.9529444749020896e-05	6.0122399020807835	60.95488217794717	PUS1,WNK2,ESRP1,NDUFA10,UBE2V2,SLC2A1,LSR,S100A11,MDFI	0.002865884744304015	0	0
3	P53 DN.V1 UP	0.00039703494710079264	4.881098887438623	38.226258837434735	COL17A1,UCHL1,ANXA1,AUTS2,ITGB4,LSR,SULF1,DSC2	0.019190022443204977	0	0
