Rank	Term name	P-value	Z-score	Combined score	Overlapping genes	Adjusted p-value	Old p-value	Old adjusted p-value
1	NFE2L2.V2	9.83915811360618e-05	3.790492957746479	34.973192946245995	NQO1,GPX2,IGFBP3,AKR1C1,GSR,CYP4F11,ALDH3A1,GCLC,UCHL1,PTPRZ1,GPNMB,CBR3,UGT1A6	0.015053911913817455	0	0
2	CSR LATE UP.V1 UP	0.0003938571968460501	5.641277641277641	44.22492107340708	FEN1,UBE2C,IGFBP3,MAZ,FANCA,BIRC5,FOXM1	0.028873345662140115	0	0
3	P53 DN.V1 UP	0.000805587571081036	4.97203353085706	35.42046181386605	COL17A1,SUN1,UCHL1,AUTS2,ITGB4,SULF1,PITX1	0.028873345662140115	0	0
4	MEL18 DN.V1 UP	0.0008157325159752056	5.879194630872483	41.8094461266463	SLC7A5,JAG1,LAMB3,DDX11,FZD6,PTHLH	0.028873345662140115	0	0
5	BMI1 DN MEL18 DN.V1 UP	0.0009435733876516377	5.7088503693689345	39.76691778403346	SLC7A5,JAG1,LAMB3,TUFT1,MICALL1,PTHLH	0.028873345662140115	0	0
