Rank	Term name	P-value	Z-score	Combined score	Overlapping genes	Adjusted p-value	Old p-value	Old adjusted p-value
1	NFE2L2.V2	4.0862908659334005e-14	5.431453043842953	167.4438414078685	ABCB6,HJURP,PANX2,NT5DC1,TRIM29,STC2,GPC1,SPP1,UGT1A5,PHGDH,UGT1A3,UGT1A9,UGT1A7,CBR1,G6PD,RRM2,UGT1A1,TXNRD1,CYP4F3,AKR1C3,TALDO1,NDUFC2,PTGR1,PGD,STXBP5L,UGDH,DBF4,MTHFD2,TMEM237,PNPLA4,RPL22L1,TKT,TMEM18,PPIA,PFN2	6.9466944720867805e-12	0	0
2	LEF1 UP.V1 UP	6.1008960256270674e-05	4.249006045422362	41.234435892231794	RYR1,KCNG1,SLC6A8,CDKN2A,STC2,WNT5A,KRT13,PAX6,KRT5,MPP6,BMP7,CHST2	0.0051857616217830076	0	0
3	CSR LATE UP.V1 UP	0.00039202855450520287	3.977712586073422	31.2018771161057	ANLN,CXCL6,PRMT5,DTYMK,RRM2,PBK,RPF2,FAM83D,UMPS,EZH2	0.022214951421961494	0	0
4	RPS14 DN.V1 DN	0.0007533063797932821	3.63782140925957	26.1597139339471	SLC6A8,TRIM29,PLK1,PBK,KRT13,PYCR1,MCM5,ECT2,NCAPH,NLE1	0.027794124437627177	0	0
5	E2F1 UP.V1 UP	0.0008174742481655052	3.5968066080351053	25.57074540979945	TOP2A,SLBP,DBF4,HMGB3,MCM4,GRSF1,TYMS,NCAPH,KPNA1,EZH2	0.027794124437627177	0	0
