Rank	Term name	P-value	Z-score	Combined score	Overlapping genes	Adjusted p-value	Old p-value	Old adjusted p-value
1	CAHOY ASTROCYTIC	0.014925738877681147	100.4949494949495	422.54790984855003	RAN	0.028378489124853832	0	0
2	WNT UP.V1 DN	0.025284947880205678	58.662721893491124	215.7348585855584	HLA-DRB1	0.028378489124853832	0	0
3	PTEN DN.V1 DN	0.027789748503295766	53.255376344086024	190.81870444963624	HLA-DRB1	0.028378489124853832	0	0
4	ESC J1 UP LATE.V1 UP	0.028378489124853832	52.123684210526314	185.67101846704094	HLA-DRB1	0.028378489124853832	0	0
