Rank	Term name	P-value	Z-score	Combined score	Overlapping genes	Adjusted p-value	Old p-value	Old adjusted p-value
1	retinal dehydrogenase activity (GO:0001758)	0.002397858969227747	571.0571428571428	3445.2899826083253	ALDH8A1	0.015961842311320452	0	0
2	oxidoreductase activity, acting on single donors with incorporation of molecular oxygen, incorporation of two atoms of oxygen (GO:0016702)	0.0053884659389882355	235.0235294117647	1227.644124299904	HPD	0.015961842311320452	0	0
3	oxidoreductase activity, acting on the aldehyde or oxo group of donors, NAD or NADP as acceptor (GO:0016620)	0.0059856908667451705	210.26315789473685	1076.2074808846232	ALDH8A1	0.015961842311320452	0	0
