Rank	Term name	P-value	Z-score	Combined score	Overlapping genes	Adjusted p-value	Old p-value	Old adjusted p-value
1	NFE2L2.V2	3.4640342267350724e-10	3.893634329875941	84.81666048133857	LRP8,TSKU,NT5DC1,UCHL1,GPNMB,PTPRZ1,STC2,GPC1,SPP1,UGT1A5,B4GALNT1,UGT1A3,UGT1A7,UGT1A6,CBR3,NQO1,CBR1,GPX2,G6PD,RRM2,UGT1A1,IGFBP3,TXNRD1,AKR1C1,GSR,AKR1C3,PTGR1,CYP4F11,ALDH3A1,GCLC,DBF4,TKT,PPIA,PFN2	6.20062126585578e-08	0	0
2	P53 DN.V1 UP	0.0001837663246077769	3.529519546821456	30.36038212187221	COL17A1,SUN1,AUTS2,CDKN2A,ITGB4,SULF1,UCHL1,COL3A1,CALB1,PTK7,KRT15,CLTCL1,PITX1	0.009957760487273565	0	0
3	MEK UP.V1 UP	0.00020331282775290833	3.4905858753544994	29.67264933697536	C11ORF95,GPX2,ITGB4,TMPRSS4,AKR1C3,AKR1C2,NME4,BMP7,LRP8,ALDH3A1,CLDN4,PTK7,PACSIN3	0.009957760487273565	0	0
4	CSR LATE UP.V1 UP	0.0002225197874251076	3.68030303030303	30.953168497982993	FEN1,RRM2,UBE2C,CHEK2,IGFBP3,MAZ,ACTL6A,FANCA,PBK,BIRC5,FAM83D,FOXM1	0.009957760487273565	0	0
5	SINGH KRAS DEPENDENCY SIGNATURE 	0.0006380535630252428	12.113861386138614	89.12274815716601	LAD1,SEMA4B,CLDN7,PRSS22	0.01922416786750426	0	0
6	MEL18 DN.V1 UP	0.0006443855151118746	3.7325942690551996	27.42416657443206	CA12,SLC7A5,JAG1,LAMB3,DDX11,STC2,ADAM12,FZD6,SPP1,PTHLH	0.01922416786750426	0	0
7	RB DN.V1 DN	0.0011301955246468133	3.7545787545787546	25.47618588398973	SLC7A5,HSPA5,LAMB3,IGFBP3,DDIT3,STC2,ADAM12,TNC,CTSC	0.028900714130254225	0	0
