Rank	Term name	P-value	Z-score	Combined score	Overlapping genes	Adjusted p-value	Old p-value	Old adjusted p-value
1	amyloid-beta binding (GO:0001540)	0.0004184855728398474	8.670175438596491	67.44415150597564	APBB2,ADRB2,HSPG2,CRYAB,ITM2B	0.04541674954330395	0	0
2	calcium ion binding (GO:0005509)	0.0004368567915960368	3.9256531014772773	30.368479945099985	CDH5,CLEC3B,SCUBE1,TNNC1,LTBP4,FBLN1,SLIT3,SLIT2,EML1,TTN	0.04541674954330395	0	0
3	syndecan binding (GO:0045545)	0.0006028772063270436	85.33333333333333	632.6440123653156	SEMA5A,SDCBP	0.04541674954330395	0	0
