Rank	Term name	P-value	Z-score	Combined score	Overlapping genes	Adjusted p-value	Old p-value	Old adjusted p-value
1	folic acid transmembrane transporter activity (GO:0008517)	0.003993945448655638	333.0	1839.1509089009865	SLC19A2	0.03100595165441138	0	0
2	oxo-acid-lyase activity (GO:0016833)	0.003993945448655638	333.0	1839.1509089009865	HMGCL	0.03100595165441138	0	0
3	histone serine kinase activity (GO:0035174)	0.004790942275014269	266.38666666666666	1422.7786907214238	PRKAA2	0.03100595165441138	0	0
4	diphosphotransferase activity (GO:0016778)	0.004790942275014269	266.38666666666666	1422.7786907214238	TPK1	0.03100595165441138	0	0
5	bile acid:sodium symporter activity (GO:0008508)	0.004790942275014269	266.38666666666666	1422.7786907214238	SLC10A3	0.03100595165441138	0	0
6	histone kinase activity (GO:0035173)	0.006383144070851652	190.25714285714287	961.5775796687342	PRKAA2	0.03100595165441138	0	0
7	interleukin-17 receptor activity (GO:0030368)	0.006383144070851652	190.25714285714287	961.5775796687342	IL17RC	0.03100595165441138	0	0
8	H4 histone acetyltransferase activity (GO:0010485)	0.00797295899684864	147.96296296296296	714.9125872208035	MSL3	0.03100595165441138	0	0
9	monocarboxylate:sodium symporter activity (GO:0140161)	0.00797295899684864	147.96296296296296	714.9125872208035	SLC10A3	0.03100595165441138	0	0
