Rank	Term name	P-value	Z-score	Combined score	Overlapping genes	Adjusted p-value	Old p-value	Old adjusted p-value
1	CAMP UP.V1 UP	7.29046932635946e-06	5.337152209492635	63.13286731791174	PDIA3,HSPA5,TRIM2,CLPTM1,PYCR2,RBCK1,MRPL15,PA2G4,TGFBI,P4HB,HSPBP1,AZIN1	0.0011591846228911542	0	0
2	ESC V6.5 UP EARLY.V1 DN	0.00028736657077189264	4.564184204395434	37.21978984523316	ESRRA,CMTM7,APP,CIZ1,COL3A1,TINAGL1,TNC,FHL2,TM4SF1	0.022845642376365466	0	0
