Rank	Term name	P-value	Z-score	Combined score	Overlapping genes	Adjusted p-value	Old p-value	Old adjusted p-value
1	JAK2 DN.V1 DN	0.017225467889492432	115.26744186046511	468.14330375043755	ALDH8A1	0.028494606216670094	0	0
2	KRAS.600 UP.V1 UP	0.028494606216670094	68.92307692307692	245.23109667661214	ALDH8A1	0.028494606216670094	0	0
