Rank	Term name	P-value	Z-score	Combined score	Overlapping genes	Adjusted p-value	Old p-value	Old adjusted p-value
1	PRC2 EDD UP.V1 DN	3.726943829274483e-05	5.382081686429513	54.88290026533148	CDKN1C,RABGAP1L,ATXN1,TSPAN13,TRPS1,PCGF3,IRF8,FPR3,BAZ2B,N4BP2L2	0.005739493497082704	0	0
2	HOXA9 DN.V1 UP	0.0002028377885860934	4.793236452532935	40.757387905586825	USP15,ATXN1,COL6A3,FYN,ARHGAP26,KLF4,GNS,N4BP2L2,CLK4	0.013059014009632004	0	0
3	CAMP UP.V1 DN	0.00025439637681101305	4.641242863532321	38.41378944014526	RERE,USP36,ATP8A1,DST,RALGAPA1,EPB41L3,IDS,FOXN3,ETS2	0.013059014009632004	0	0
4	MTOR UP.N4.V1 DN	0.0009558539592177338	4.239351351351352	29.47580898346056	SENP6,REL,ECHDC2,HBP1,TPP1,CLK4,CLN5,TNRC6B	0.03680037742988275	0	0
