Rank	Term name	P-value	Z-score	Combined score	Overlapping genes	Adjusted p-value	Old p-value	Old adjusted p-value
1	RB P107 DN.V1 DN	0.019078183095597404	78.22834645669292	309.72243930029543	EIF3C	0.019078183095597404	0	0
