Rank	Term name	P-value	Z-score	Combined score	Overlapping genes	Adjusted p-value	Old p-value	Old adjusted p-value
1	ALK DN.V1 UP	4.8570641556468585e-05	14.146428571428572	140.50927860978757	SLC7A5,FBXL8,STEAP4,AQP7,SCN1A	0.004614210947864516	0	0
2	MEK UP.V1 UP	0.000200772160168887	10.34240837696335	88.04843711514839	BCAM,ASPH,TMPRSS4,VWA1,CCNJL	0.009536677608022131	0	0
3	ERB2 UP.V1 UP	0.0018796546221830637	8.286882667505505	52.014004883141865	MUC1,BCAM,ASPH,VWA1	0.046368465859300045	0	0
4	NOTCH DN.V1 UP	0.0019523564572336862	8.198360825811806	51.147262864439256	ATP8A1,RANBP17,SCTR,CRYM	0.046368465859300045	0	0
