Rank	Term name	P-value	Z-score	Combined score	Overlapping genes	Adjusted p-value	Old p-value	Old adjusted p-value
1	protein tyrosine kinase inhibitor activity (GO:0030292)	0.002996653029893649	454.1818181818182	2638.914119276588	IBTK	0.04780195006405905	0	0
2	5'-deoxyribose-5-phosphate lyase activity (GO:0051575)	0.002996653029893649	454.1818181818182	2638.914119276588	HMGA2	0.04780195006405905	0	0
3	minor groove of adenine-thymine-rich DNA binding (GO:0003680)	0.0041930151049605156	302.75757575757575	1657.3964565725007	HMGA2	0.04780195006405905	0	0
4	cAMP response element binding (GO:0035497)	0.00598509351248777	201.8080808080808	1032.9512945731403	HMGA2	0.04780195006405905	0	0
5	DNA-(apurinic or apyrimidinic site) endonuclease activity (GO:0003906)	0.006581796197874835	181.61818181818182	912.3494182081016	HMGA2	0.04780195006405905	0	0
6	C2H2 zinc finger domain binding (GO:0070742)	0.007178170714881846	165.099173553719	815.046857216495	HMGA2	0.04780195006405905	0	0
7	metalloendopeptidase inhibitor activity (GO:0008191)	0.008369935820942226	139.6853146853147	668.1300945358273	TIMP1	0.04780195006405905	0	0
8	DNA binding, bending (GO:0008301)	0.00956039001281181	121.04848484848485	562.8907982194623	HMGA2	0.04780195006405905	0	0
