Rank	Term name	P-value	Z-score	Combined score	Overlapping genes	Adjusted p-value	Old p-value	Old adjusted p-value
1	Focal adhesion	7.547505410763998e-05	21.138124499064922	200.63691313826382	TNXB,COL4A2,LAMA4,MYLK	0.002256693385926334	0	0
2	ECM-receptor interaction	0.00013676929611674751	35.103529411764704	312.3236491920589	TNXB,COL4A2,LAMA4	0.002256693385926334	0	0
3	Small cell lung cancer	0.004972723202443317	21.044444444444444	111.61526477440043	COL4A2,LAMA4	0.03552290561721263	0	0
4	Amoebiasis	0.006076595533856508	18.930476190476192	96.60810141350446	COL4A2,LAMA4	0.03552290561721263	0	0
5	Human papillomavirus infection	0.006223543901223092	8.985823170731708	45.64273196875607	TNXB,COL4A2,LAMA4	0.03552290561721263	0	0
6	PI3K-Akt signaling pathway	0.007487858339882865	8.387179487179488	41.05081900257275	TNXB,COL4A2,LAMA4	0.03552290561721263	0	0
7	Leukocyte transendothelial migration	0.007535161797590557	16.892006802721088	82.57108491924915	CDH5,CLDN5	0.03552290561721263	0	0
