Rank	Term name	P-value	Z-score	Combined score	Overlapping genes	Adjusted p-value	Old p-value	Old adjusted p-value
1	calcium ion binding (GO:0005509)	5.2903101764705236e-05	3.408319409022953	33.56188681836514	SYT1,TNNC1,LPL,SYT15,EML1,TTN,SELP,CDH5,SCUBE1,RGN,ENPP2,CDH23,MAN1C1,CAPN3,SLIT3,TGM2	0.018833504228235064	0	0
2	metal ion binding (GO:0046872)	0.00021119683207620378	2.7047525896945714	22.889563851774405	SYT1,TNNC1,LRRK2,LPL,SYT15,IRAK3,EML1,TTN,SELP,CDH5,SCUBE1,RGN,ENPP2,CDH23,MAN1C1,CAPN3,SLIT3,HMGCLL1,TGM2	0.020142893821650448	0	0
3	transmembrane receptor protein tyrosine kinase activity (GO:0004714)	0.00022902026982970383	7.690140845070423	64.45645385785515	NRP1,CSF1R,NRP2,NTRK3,FGFR4,ROS1	0.020142893821650448	0	0
4	syntaxin-1 binding (GO:0017075)	0.0002577274536758842	15.3006993006993	126.43897980815917	UNC13B,SYT1,STXBP1,LRRK2	0.020142893821650448	0	0
5	guanyl-nucleotide exchange factor activity (GO:0005085)	0.00033248037918162605	4.477122521606508	35.85695957676704	AKAP13,DOCK4,ARHGEF15,DENND4A,RASGEF1B,SH3BP5,DENND3,ARHGEF2,KALRN	0.020142893821650448	0	0
6	cell-cell adhesion mediator activity (GO:0098632)	0.00033948697452219857	9.328117591275486	74.51370272599203	ROBO4,ESAM,STXBP6,CNTN4,CNN3	0.020142893821650448	0	0
7	GTPase activator activity (GO:0005096)	0.0004212053093598079	3.05419029615627	23.738358642686677	NRP1,STARD13,DOCK4,ARHGEF15,DENND4A,LRRK2,DENND3,KALRN,ARHGAP44,AKAP13,RGS3,RASGEF1B,SH3BP5,ARHGEF2	0.0214212985902988	0	0
8	protein tyrosine kinase activity (GO:0004713)	0.001003955973153176	4.80226008466571	33.15387731713737	CSF1R,PEAK1,NTRK3,AATK,FGFR4,ROS1,TTN	0.044676040805316335	0	0
