Rank	Term name	P-value	Z-score	Combined score	Overlapping genes	Adjusted p-value	Old p-value	Old adjusted p-value
1	KRAS.300 UP.V1 UP	0.0022919315983961	34.454861111111114	209.42906075382993	ANO1,CALB1	0.041581815744565515	0	0
2	LEF1 UP.V1 UP	0.00404239520470533	25.64378238341969	141.32077911012436	ANO1,FN1	0.041581815744565515	0	0
3	HINATA NFKB MATRIX	0.0049898178893478615	246.679012345679	1307.4865498601448	FN1	0.041581815744565515	0	0
4	KRAS.600 UP.V1 UP	0.008558263109008691	17.285087719298247	82.2918484471722	ANO1,CALB1	0.04307905346583703	0	0
5	KRAS.600.LUNG.BREAST UP.V1 UP	0.008615810693167405	17.223776223776223	81.88452443204534	ANO1,CALB1	0.04307905346583703	0	0
