Rank	Term name	P-value	Z-score	Combined score	Overlapping genes	Adjusted p-value	Old p-value	Old adjusted p-value
1	Focal adhesion	0.0004061475474522371	12.947764859996726	101.10642916086132	TNXB,COL4A2,LAMA4,MYLK	0.009244243595077977	0	0
2	ECM-receptor interaction	0.0004865391365830514	21.926470588235293	167.25935415664634	TNXB,COL4A2,LAMA4	0.009244243595077977	0	0
