Rank	Term name	P-value	Z-score	Combined score	Overlapping genes	Adjusted p-value	Old p-value	Old adjusted p-value
1	DNA secondary structure binding (GO:0000217)	3.650760313933592e-07	12.337436332767403	182.87979521629734	RAD51AP1,YY1,RECQL4,MSH6,BLM,RBBP8,HMGA1,HMGB3,HMGA2	0.00019896643710938075	0	0
2	RNA binding (GO:0003723)	5.807818828723136e-05	1.732171362495417	16.895115122337963	EIF4A2,CCDC124,PPAN,DDX42,MRPL39,HMGB3,HSPB1,GPATCH4,ENO1,DUSP14,YY1,PSMD4,TRIM28,SNRPD1,RPL35,RPL37,BUD23,KPNA2,ZNF385A,SRRM3,DDX11,MRPS23,IMP4,YWHAZ,PKM,CLNS1A,ESRP1,FSCN1,STRAP,PABPC1,SNRPC,ALDOA,SNRPB,DAP3,FYTTD1,SRSF1,MAZ,MRPL16,SLC3A2,NTPCR,RAD51AP1,C7ORF50,STIP1,PUF60,PRDX1,PES1,FAM120A,FLNB,RPS2,HNRNPA1,NQO1,FDPS,NIFK,CDKN2A,RPL35A,DEK,EIF2S2,LSM4,MRPL21,U2SURP,HNRNPL,NUDT21,KRT18,EIF2S3,RPL22L1,GRSF1,EIF4G1,APOBEC3B	0.015826306308270546	0	0
3	cadherin binding (GO:0045296)	0.00011349350240329283	2.5555852842809363	23.214336083785422	LAD1,JUP,TWF1,SCRIB,SLC3A2,ENO1,NDRG1,YWHAZ,CDH8,LDHA,KRT18,CDH3,EIF2S3,PKM,PUF60,PRDX1,MICALL1,FSCN1,PAK6,FLNB,RPS2,ALDOA,S100A11	0.02061798626993153	0	0
4	UDP-glycosyltransferase activity (GO:0008194)	0.00020020949430504546	4.441993013421585	37.828662224205445	EXT1,UGT1A1,HAS3,GCNT3,B4GALNT1,UGT1A3,B4GALNT3,LARGE2,UGT1A7,B4GALNT4	0.027278543599062444	0	0
5	D-loop DNA binding (GO:0062037)	0.00025426949500859607	48.90756302521008	404.81356507353917	RAD51AP1,RECQL4,BLM	0.027715374955936973	0	0
