Rank	Term name	P-value	Z-score	Combined score	Overlapping genes	Adjusted p-value	Old p-value	Old adjusted p-value
1	collagen receptor activity (GO:0038064)	0.004790942275014269	266.38666666666666	1422.7786907214238	DDR1	0.04675718560510681	0	0
2	pre-miRNA binding (GO:0070883)	0.004790942275014269	266.38666666666666	1422.7786907214238	RAN	0.04675718560510681	0	0
3	CD4 receptor binding (GO:0042609)	0.006383144070851652	190.25714285714287	961.5775796687342	HLA-DRB1	0.04675718560510681	0	0
4	sequence-specific mRNA binding (GO:1990825)	0.00797295899684864	147.96296296296296	714.9125872208035	TYMS	0.04675718560510681	0	0
5	MHC class II receptor activity (GO:0032395)	0.00797295899684864	147.96296296296296	714.9125872208035	HLA-DRB1	0.04675718560510681	0	0
6	nuclear export signal receptor activity (GO:0005049)	0.008766972300957528	133.16	630.7474630602054	RAN	0.04675718560510681	0	0
