Rank	Term name	P-value	Z-score	Combined score	Overlapping genes	Adjusted p-value	Old p-value	Old adjusted p-value
1	NFE2L2.V2	6.719076967531153e-09	3.5029151119402986	65.91896016242931	ABCB6,LRP8,TM9SF3,PANX2,NT5DC1,PTPRZ1,TRIM29,STC2,GPC1,SPP1,UGT1A5,UGT1A3,NRCAM,UGT1A9,UGT1A7,CBR1,G6PD,RRM2,UGT1A1,TXNRD1,CYP4F3,AKR1C3,NDUFC2,TALDO1,PGD,TPD52L1,EIF2S2,UGDH,DBF4,TMEM237,PNPLA4,TKT,BCAT1	1.1758384693179517e-06	0	0
2	MTOR UP.V1 UP	4.864358900526653e-06	4.472350230414746	54.71283478274153	FDPS,HELLS,RRM2,KCNE3,HMGCS1,UHRF1,SLC41A3,PPAN,TMEM97,KRBA1,HSPE1,DBF4,BDH1,CCDC86,MCM5	0.0004256314037960821	0	0
3	VEGF A UP.V1 DN	2.240413402101734e-05	3.889847512038523	41.645738513174	RFC4,RRM2,MRPL19,KIF23,SMC4,LRP8,NUDT21,CCNB1,DBF4,EXO1,CCDC86,BIRC5,MCM4,BUB1,CDKN3	0.0010964323736587002	0	0
4	CSR LATE UP.V1 UP	2.5061311397913145e-05	4.084578610300971	43.272782586381794	PRMT5,RRM2,CBFB,UHRF1,IMP4,RPF2,ANLN,CHEK2,PBK,BIRC5,ITGA6,FAM83D,UMPS,EZH2	0.0010964323736587002	0	0
5	RPS14 DN.V1 DN	6.292539122523253e-05	3.7275410871445636	36.058595339635396	CDCA3,PLK1,KRT13,KIF23,MYO19,IPO4,NCAPH,NLE1,TRIM29,EXO1,PBK,MCM5,ECT2,BCAT1	0.0022023886928831385	0	0
6	MEL18 DN.V1 UP	0.00026532714829230984	3.8785377358490565	31.93800116664564	SLC7A5,JAG1,DDX11,STC2,ABCC5,COL7A1,ADAM12,SPP1,CDH13,ADM,CHST2	0.007738708491859037	0	0
7	P53 DN.V1 UP	0.001150968584357742	3.021276595744681	20.44543627710514	PRDX2,KRT19,CALB1,KLF5,CDKN2A,KRT15,CDH13,CD9,ADM,CD24,KLK10,PITX1	0.02631456623157411	0	0
8	HOXA9 DN.V1 DN	0.0012029515991576736	3.0046118668371893	20.199936703777016	FANCI,HELLS,RNASEH2A,HMGCS1,DLX5,ZIC1,SPP1,ADM,MVD,BCAT1,FANCG,COCH	0.02631456623157411	0	0
9	GCNP SHH UP LATE.V1 UP	0.0022845000758849915	2.925117924528302	17.789420757212316	TOP2A,NAA30,FRMD6,RRM2,PIK3CA,IDH2,MCM4,MCM5,SMC4,METAP1,TM9SF3	0.044420834808874834	0	0
