Rank	Term name	P-value	Z-score	Combined score	Overlapping genes	Adjusted p-value	Old p-value	Old adjusted p-value
1	RNA binding (GO:0003723)	5.482134191597701e-09	2.6976009779452963	51.31314902509567	TOP2A,HMGB3,BRCA1,MSI2,DDX41,IPO5,YY1,MRPL3,MRPL42,FBL,SNRPD1,C1QBP,SUMO2,MRPL9,RPL37,KPNA2,RBM34,NELFE,EIF5B,MRPS24,NCBP2,MRPS23,DARS1,CLNS1A,ESRP1,STRAP,PABPC1,PPIA,SNRPB,SLBP,MRPL15,RPF2,RAD51AP1,TRA2B,DHX36,POLR2D,SAP18,HNRNPA1,RTRAF,NIFK,MDH2,CDKN2A,CCDC59,PDAP1,RPL35A,HSPE1,U2SURP,CHERP,CAPRIN1,RPL22L1,GRSF1,RAN	2.1654430056810917e-06	0	0
2	oxidoreductase activity, acting on the CH-OH group of donors, NAD or NADP as acceptor (GO:0016616)	1.1260047999317308e-07	9.398788776577204	150.3751677971874	CBR1,UGDH,G6PD,BDH1,MDH2,RDH10,AKR1C3,PHGDH,PGD,PTGR1,ADH7	2.2238594798651683e-05	0	0
3	glucuronosyltransferase activity (GO:0015020)	0.00011060751386909562	12.275849150849151	111.82712446180471	EXT1,UGT1A1,UGT1A3,UGT1A9,UGT1A7	0.010922491994573192	0	0
4	monocarboxylic acid binding (GO:0033293)	0.00011060751386909562	12.275849150849151	111.82712446180471	UGT1A1,AKR1C3,UGT1A3,UGT1A9,UGT1A7	0.010922491994573192	0	0
5	single-stranded DNA binding (GO:0003697)	0.00014222756830845388	5.775796647633082	51.162481414136266	RAD51AP1,RPA3,DHX36,POLR2D,RBBP8,MCM4,MCM5,HNRNPA1	0.011235977896367856	0	0
6	retinoid binding (GO:0005501)	0.00017431438599988146	11.004254366323332	95.2379708546695	UGT1A1,UGT1A3,ADH7,UGT1A9,UGT1A7	0.011475697078325528	0	0
7	retinoic acid binding (GO:0001972)	0.0003445038350010668	14.145271485077311	112.78598313112592	UGT1A1,UGT1A3,UGT1A9,UGT1A7	0.019439859260774482	0	0
8	hexosyltransferase activity (GO:0016758)	0.0005741252830696959	4.625845517648797	34.52112582872056	EXT1,UGT1A1,UGT1A3,UGT1A9,B4GALT4,UGT1A7,FUT3,B4GALNT4	0.028347435851566235	0	0
