Rank	Term name	P-value	Z-score	Combined score	Overlapping genes	Adjusted p-value	Old p-value	Old adjusted p-value
1	RNA polymerase II cis-regulatory region sequence-specific DNA binding (GO:0000978)	0.0033170935828615833	16.44677137870855	93.8891296172587	ZNF254,POU2F1,ZNF33B	0.015710478331348598	0	0
2	cis-regulatory region sequence-specific DNA binding (GO:0000987)	0.0033170935828615833	16.44677137870855	93.8891296172587	ZNF254,POU2F1,ZNF33B	0.015710478331348598	0	0
3	RNA polymerase II core promoter sequence-specific DNA binding (GO:0000979)	0.004193119798694676	307.4	1682.8029678019434	POU2F1	0.015710478331348598	0	0
4	RNA polymerase II transcription regulatory region sequence-specific DNA binding (GO:0000977)	0.005357222099323126	13.744837758112094	71.87601345873628	ZNF254,POU2F1,ZNF33B	0.015710478331348598	0	0
5	acetylation-dependent protein binding (GO:0140033)	0.006284191332539439	199.74	1012.6254955871668	ZMYND8	0.015710478331348598	0	0
6	lysine-acetylated histone binding (GO:0070577)	0.006284191332539439	199.74	1012.6254955871668	ZMYND8	0.015710478331348598	0	0
7	core promoter sequence-specific DNA binding (GO:0001046)	0.011050054899886797	110.87777777777778	499.5398567734965	POU2F1	0.023678689071185994	0	0
8	methylation-dependent protein binding (GO:0140034)	0.018753965791591908	64.29677419354839	255.6664806393233	ZMYND8	0.033716231957510036	0	0
9	methylated histone binding (GO:0035064)	0.02022973917450602	59.483582089552236	232.02175076653654	ZMYND8	0.033716231957510036	0	0
