Rank	Term name	P-value	Z-score	Combined score	Overlapping genes	Adjusted p-value	Old p-value	Old adjusted p-value
1	NFE2L2.V2	3.7260452628736894e-16	6.260728306484364	222.41872189179668	PANX2,NT5DC1,BRIP1,UCHL1,PTPRZ1,STC2,GPC1,SPP1,UGT1A5,GCNT3,B4GALNT1,UGT1A3,UGT1A7,CBR3,NQO1,CBR1,G6PD,GPX2,ABCC2,RRM2,UGT1A1,AKR1C1,IGFBP3,TXNRD1,GSR,AKR1C3,OSGIN1,PTGR1,CYP4F11,FERMT1,ALDH3A1,GCLC,DBF4,TMEM237,MCM3,TKT	6.446058304771483e-14	0	0
2	CSR LATE UP.V1 UP	1.8302156283646778e-07	6.394460273716661	99.20149447220481	CXCL6,FEN1,RRM2,UBE2C,IGFBP3,MAZ,ACTL6A,FANCA,FOXM1,ZWINT,KRT18,PBK,MCM3,BIRC5	1.5831365185354465e-05	0	0
3	VEGF A UP.V1 DN	2.2189690171461167e-05	4.743852832250623	50.83457089327028	PLK4,NUDT21,CCNB1,RFC4,DBF4,RRM2,CCNE1,EXO1,BIRC5,MCM4,KIF23,CDKN3	0.0012796054665542606	0	0
4	MEL18 DN.V1 UP	0.00019380944933670126	4.837697628458498	41.355711757126855	SLC7A5,JAG1,LAMB3,DDX11,STC2,ABCC5,ADAM12,SPP1,PTHLH	0.00838225868381233	0	0
5	RB P130 DN.V1 UP	0.0006496839059352719	4.526209386281589	33.217962084611244	UBE2C,FST,ZNF428,HMGA2,BIRC5,ATP2A1,LSM4,SNRPB	0.022479063145360408	0	0
