Rank	Term name	P-value	Z-score	Combined score	Overlapping genes	Adjusted p-value	Old p-value	Old adjusted p-value
1	Cell cycle	7.74621838386056e-07	5.6880668756530826	80.03616830924175	PLK1,ORC5,ORC4,WEE1,TFDP1,RBL1,DBF4,CDK4,CHEK2,MDM2,MCM4,MCM5,BUB1,MCM2	0.00020295092165714668	0	0
2	Huntington disease	6.863783527870237e-05	2.9658536585365853	28.432650329184717	NDUFB5,TUBB,CLTB,NDUFA4L2,CACNA1B,NDUFC2,SDHC,COX5A,ATP5MC1,ATG101,PSMC2,POLR2D,POLR2E,TBPL1,VDAC2,BAX,HAP1,POLR2I,AP2M1	0.00726400853535987	0	0
3	RNA transport	8.317567025221225e-05	3.626116011761561	34.06574876649222	EIF5B,PRMT5,NCBP2,ALYREF,THOC3,EIF2S2,RANGAP1,NUP93,FXR1,EEF1A2,SUMO2,TACC3,RAN,EIF4G1	0.00726400853535987	0	0
4	Citrate cycle (TCA cycle)	0.0004998958542151501	8.795495495495496	66.85553556299051	PDHA1,MDH2,IDH2,SDHC,DLD	0.03274317845109233	0	0
5	Drug metabolism	0.0007353884011597488	4.01900826446281	28.997593797981054	GSTM4,GSTM2,RRM1,UGT1A1,TK1,ADH7,UMPS,UGT1A9,NME1	0.03853435222077083	0	0
6	Ribosome	0.0009046132076134683	3.315068493150685	23.23201027845548	RPL4,MRPL3,RPS5,MRPL19,RPL36,MRPL16,MRPS18A,RPS2,RPL26L1,RPL7,MRPL11	0.03950144339912145	0	0
7	Fanconi anemia pathway	0.0012854613090034083	5.503103837471783	36.63216808479855	FANCI,BRIP1,RAD51,BRCA1,PALB2,FANCG	0.048112980422699	0	0
