Rank	Term name	P-value	Z-score	Combined score	Overlapping genes	Adjusted p-value	Old p-value	Old adjusted p-value
1	phosphatidylinositol binding (GO:0035091)	0.0004329893407438501	88.45777777777778	685.0875715434879	MCF2L,THY1	0.005628861429670052	0	0
2	GPI anchor binding (GO:0034235)	0.002447753460042304	555.1944444444445	3338.1535834228603	THY1	0.015910397490274977	0	0
3	cytochrome-c oxidase activity (GO:0004129)	0.005238916894144343	237.8452380952381	1249.0776854949	COX7A1	0.020860813490864417	0	0
4	pyridoxal phosphate binding (GO:0030170)	0.0073278982772855125	166.44166666666666	818.2383072102982	PLPBP	0.020860813490864417	0	0
5	disordered domain specific binding (GO:0097718)	0.008023389804178622	151.29545454545453	730.0602205833903	FN1	0.020860813490864417	0	0
6	proton transmembrane transporter activity (GO:0015078)	0.013918230466079547	85.27350427350427	364.50634834293606	COX7A1	0.02713241798827881	0	0
7	active ion transmembrane transporter activity (GO:0022853)	0.014609763532150127	81.10569105691057	342.7579416357621	COX7A1	0.02713241798827881	0	0
8	oxidoreduction-driven active transmembrane transporter activity (GO:0015453)	0.020127082181830118	58.292397660818715	227.67197624460493	COX7A1	0.03270650854547394	0	0
