Rank	Term name	P-value	Z-score	Combined score	Overlapping genes	Adjusted p-value	Old p-value	Old adjusted p-value
1	RNA polymerase II general transcription initiation factor binding (GO:0001091)	0.0005288230668011627	91.26436781609195	688.5765723657122	TCF4,ESR1	0.03415668035724083	0	0
2	syndecan binding (GO:0045545)	0.0005288230668011627	91.26436781609195	688.5765723657122	SEMA5A,SDCBP	0.03415668035724083	0	0
3	mRNA binding (GO:0003729)	0.0007433912076247795	4.423303709973198	31.866754401723004	ZFP36,DDX5,RBPMS,CIRBP,RBMS1,LUC7L3,ACO1,SF3B1	0.03415668035724083	0	0
4	guanyl-nucleotide exchange factor activity (GO:0005085)	0.0008252470426338567	5.865198631156078	41.64190012296111	FARP1,FGD6,RAPGEF2,RIN3,DENND3,ARHGEF7	0.03415668035724083	0	0
5	GTPase activator activity (GO:0005096)	0.0008669208212497673	3.894295971280415	27.456978736939885	FARP1,TBC1D1,FGD6,RALGAPA1,RGPD5,RAPGEF2,RIN3,DENND3,ARHGEF7	0.03415668035724083	0	0
