Rank	Term name	P-value	Z-score	Combined score	Overlapping genes	Adjusted p-value	Old p-value	Old adjusted p-value
1	E2F1 UP.V1 UP	4.256465865850788e-05	2.924722906403941	29.43583349984364	TOP2A,WDHD1,DLX1,SLBP,RRM1,KLHL21,HMGB3,WBP11,USP39,TYMS,AURKB,SMC2,UCK2,PRC1,UBE2T,DNAJC21,DNA2,GRSF1,BUB1,KPNA1,EZH2	0.005778615148304047	0	0
2	P53 DN.V1 UP	6.247151511680051e-05	2.839445883994419	27.48810732545741	SUN1,THOC1,ADM,LSR,KLK10,NDC80,UGT8,AZGP1,KRT19,CALB1,KLF5,EPCAM,LPCAT4,KRT15,RBP1,NMU,SCNN1A,CDH13,PRSS2,PITX1,DSC2	0.005778615148304047	0	0
3	GCNP SHH UP LATE.V1 UP	0.0006558365104182613	2.5434913552704965	18.642771750067563	TOP2A,NAA30,RRM1,CDCA7,USP39,AURKB,SMC2,FTSJ3,SFRP1,FRMD6,SIX4,PIK3CA,PRC1,MYB,ZMYM6,CDK1,KIF2C,MCM5	0.03462978181437017	0	0
4	RB P107 DN.V1 UP	0.0007487520392296252	2.7934474327628362	20.104728018817244	WDHD1,SLBP,FKBP10,GSTM2,RRM1,RFC2,CCNF,ORC6,CENPH,PRC1,RPA3,CENPK,SPIRE2,MCM5,DNA2	0.03462978181437017	0	0
