Rank	Term name	P-value	Z-score	Combined score	Overlapping genes	Adjusted p-value	Old p-value	Old adjusted p-value
1	IL-17 signaling pathway	4.495490751516949e-06	23.737748027731293	292.26949670049953	IL6,CSF3,FOSB,FOS,MUC5B	0.0004225761306425932	0	0
2	Malaria	0.0002980479544608097	25.924012158054712	210.4577714820763	CSF3,IL6,ACKR1	0.014008253859658057	0	0
3	Hypertrophic cardiomyopathy	0.0016604484777634038	13.976776917663617	89.460702411426	CACNG6,IL6,DES	0.04286590596191557	0	0
4	Salivary secretion	0.0018240811047623648	13.508843537414966	85.19593881136177	PRB1,LYZ,MUC5B	0.04286590596191557	0	0
