Rank	Term name	P-value	Z-score	Combined score	Overlapping genes	Adjusted p-value	Old p-value	Old adjusted p-value
1	GTPase activator activity (GO:0005096)	3.5052469529080227e-06	3.7297716737500886	46.850592880233236	FARP1,DOCK4,RALGAPA1,LRRK2,RALGAPA2,RGPD5,TBC1D2B,DENND3,AKAP13,TBC1D1,FGD6,RGS3,RASGEF1B,SH3BP5,RAPGEF2,RIN3,ARHGEF2,ARHGEF7,RAPGEF5	0.0013845725463986689	0	0
2	guanyl-nucleotide exchange factor activity (GO:0005085)	7.023101124275317e-06	5.380250654179865	63.84369890761729	AKAP13,FARP1,DOCK4,FGD6,RASGEF1B,SH3BP5,RAPGEF2,RIN3,DENND3,ARHGEF2,ARHGEF7,RAPGEF5	0.001387062472044375	0	0
3	syntaxin-1 binding (GO:0017075)	2.4803351429500392e-05	17.78552036199095	188.6071158249788	UNC13B,STXBP1,LRRK2,VAMP2,VAMP3	0.003265774604884218	0	0
