Rank	Term name	P-value	Z-score	Combined score	Overlapping genes	Adjusted p-value	Old p-value	Old adjusted p-value
1	Steroid hormone biosynthesis	1.174747633200226e-07	9.615381165919283	153.43304405948484	UGT1A1,SRD5A1,HSD17B1,AKR1C1,CYP11B1,UGT1A5,AKR1C3,AKR1C2,UGT1A3,CYP19A1,UGT1A7	3.113081227980599e-05	0	0
2	Cell cycle	9.549709056695196e-07	5.583049456187154	77.38991438508752	CDKN2A,PLK1,BUB1B,PKMYT1,YWHAZ,GADD45G,CCNB1,DBF4,CDC45,PTTG1,CCNE1,MCM3,MCM4,E2F3	0.00012653364500121134	0	0
3	Metabolism of xenobiotics by cytochrome P450	8.72049305904438e-06	6.601925293200461	76.91133888363011	CBR1,ALDH3A1,GSTM1,UGT1A1,GSTP1,AKR1C1,UGT1A5,UGT1A3,UGT1A7,CBR3	0.0007703102202155868	0	0
4	Hepatocellular carcinoma	0.0001335747895509684	3.6623655913978497	32.67141048091261	NQO1,FZD3,GSTM1,CDKN2A,GSTP1,TXNRD1,WNT7B,ACTL6A,KEAP1,GADD45G,DPF1,E2F3,HRAS	0.008849329807751657	0	0
5	Glutathione metabolism	0.00030623004320639587	6.064488888888889	49.06883459831199	GPX2,G6PD,GCLC,GSTM1,RRM2,GSTP1,GSR	0.01623019228993898	0	0
6	Drug metabolism	0.0008331212970016532	3.945616883116883	27.975730930534542	ALDH3A1,GSTM1,RRM2,UGT1A1,GSTP1,UGT1A5,NME4,UGT1A3,UGT1A7	0.03567544520551178	0	0
7	Bile secretion	0.0010546006260326022	4.228583844858493	28.98522180324132	SLC9A3,ABCC2,UGT1A1,CA2,UGT1A5,UGT1A3,SLC51A,UGT1A7	0.03567544520551178	0	0
8	Central carbon metabolism in cancer	0.0010769945722418652	4.809876543209876	32.86868057574403	SLC7A5,G6PD,LDHA,PKM,PGAM1,HRAS,PDK1	0.03567544520551178	0	0
9	p53 signaling pathway	0.0013807072319853852	4.590538720538721	30.229429317452016	CCNB1,RRM2,CCNE1,CDKN2A,IGFBP3,TNFRSF10A,GADD45G	0.04065415738623634	0	0
