Signature	CIS+AIS: Never-Ex	Primary: Never-Ex	CIS+AIS: Never-Current	Primary: Never-Current	Dysplasia: Ex-Current	AAH: Ex-Current	CIS+AIS: Ex-Current	Primary: Ex-Current
SBS1	0.03840855684304352	0.026276049531863483	0.2602639296187684	0.18799907469872368	0.4	0.6857142857142857	0.1779811402520578	0.3963150225007023
SBS2	0.7439944567587427	0.464655049974835	0.8330288937195214	0.6329837642315089	1.0	1.0	0.7737682523904285	0.4207110838346698
SBS4	0.4193449639369987	0.2726754777038418	0.38110475364383123	0.26157188943500265	1.0	1.0	0.6975515529125401	0.6192599353907571
SBS5	0.16302558759687824	0.16067508330008862	0.09086210176084943	0.416275277110259	0.27650048008343264	1.0	0.8419646574598949	0.34061660427112206
SBS6	0.026620859536608595	0.0300171316883346	0.11329571861969764	0.07712944677504784	0.27650048008343264	0.06891844428950203	0.025784443058879183	0.04811072244328489
SBS10b	0.026613843197368058	0.013201442142319825	0.11510263929618769	0.05859282705000023	0.4	1.0	0.26713708143984316	0.170881526044656
SBS13	0.7439944567587427	0.464655049974835	0.8330288937195214	0.6329837642315089	1.0	1.0	0.7737682523904285	0.4313471577930208
SBS87	0.026522378345370624	0.036014024898491544	0.03024859046520975	0.08525593058837663	0.4	0.30052231149547204	0.7257561478749683	0.8616478898862133
