Signature	CIS+AIS: Never-Ex	Primary: Never-Ex	CIS+AIS: Never-Current	Primary: Never-Current	AAH: Ex-Current	CIS+AIS: Ex-Current	Primary: Ex-Current
ID83A	0.5714285714285714	0.7272727272727273	0.6666666666666666	0.25	0.4089768632600831	0.14285714285714285	0.8125257095845331
ID83B	1.0	0.4070160272713744	0.6666666666666666	1.0	0.22377622377622375	0.3144126549787357	0.21629178832596252
